seed,rmse_ica,rmse_mssa,rmse_ness,rmse_picog,rmse_sheinker,rmse_ream,rmse_ubss,rmse_waicup,rmse_b1,rmse_b2,corr_ica,corr_mssa,corr_ness,corr_picog,corr_sheinker,corr_ream,corr_ubss,corr_waicup,corr_b1,corr_b2,snr_ica,snr_mssa,snr_ness,snr_picog,snr_sheinker,snr_ream,snr_ubss,snr_waicup,snr_b1,snr_b2
0,[28.18311594 90.59778753 28.19460319],[24.66683599 16.15898827 13.33301686],[4.70626841 5.70440292 5.16971109],[ 74.82999348  63.6632831  136.64518242],[6.07239721 5.8517961  5.16074391],[43.05015736 34.75860736 57.40822348],[ 4.94230026 18.56477894  4.93048358],[ 9.3826574  11.19639048  5.40730128],[ 86.68718196  57.95481002 116.5538713 ],[10.45757562  9.82216119 13.01090542],[0.99318333 0.91597229 0.87472878],[0.99475431 0.99742158 0.97550165],[0.9998093  0.9996792  0.99607333],[0.95524034 0.96222882 0.38849642],[0.99968315 0.9996622  0.99606419],[0.98428522 0.98803345 0.70988023],[0.99978972 0.99670711 0.99642647],[0.99926276 0.99883863 0.99570678],[0.94135916 0.96836373 0.44668316],[0.99906019 0.99904955 0.975884  ],[18.63964083  7.90711366  6.28967685],[19.79715205 22.88118219 12.79442802],[34.18588712 31.92526162 21.02367111],[10.15790682 10.97168487 -7.41888991],[31.97221753 31.70368179 21.03875041],[14.95992611 16.22821815  0.11351443],[33.76083843 21.67566985 21.43520626],[28.1929038  26.06790477 20.63338522],[ 8.88032327 11.78767577 -6.03753748],[27.2508007  27.20532436 13.00684619]
1,[27.9299445  48.73697341 17.34689724],[31.84747964 50.41420304 43.39217114],[1.92999104 8.77977494 7.80218395],[135.90191599 105.509563   249.2878781 ],[15.30952192 11.460493   17.5596264 ],[31.28610452 45.49521272 62.31705121],[2.79014986 7.87003221 7.89873587],[16.92674114 12.98200487 17.7329987 ],[ 93.01550438 120.71930623 216.74335409],[ 7.89906142 14.99723899 24.3748112 ],[0.99326814 0.97657015 0.96107125],[0.99122905 0.97476308 0.77808729],[0.99996793 0.99924083 0.99104125],[0.87381034 0.90623062 0.22205449],[0.99800792 0.99870755 0.95953461],[0.99162147 0.97964682 0.69558223],[0.99993306 0.9993898  0.99087958],[0.99754391 0.99833894 0.95804213],[0.93453748 0.88286459 0.28904931],[0.9994652  0.99779229 0.92373337],[18.71801952 13.29229438 10.50856047],[17.5779196  12.99840738  2.54476897],[41.92831511 28.17979784 17.44867288],[  4.97490938   6.58362901 -12.64102663],[23.94018839 25.86539949 10.40269115],[17.73239114 13.8901515  -0.59914131],[38.72687038 29.12993531 17.34184476],[23.06795392 24.78263015 10.31735294],[  8.26831406   5.41393088 -11.42591921],[29.68791115 23.52923925  7.55417137]
2,[25.43966587 45.48956331 13.0610925 ],[24.02410446 44.50594844 24.60410461],[ 3.66528616  1.83768204 54.63830663],[ 26.36871012  33.10590857 151.07640053],[5.95744632 4.15666958 4.42109425],[20.32450915 36.43990577 21.99130267],[ 9.6831415   4.80287501 11.29047387],[ 7.17154585 10.11474093  3.84857406],[ 20.92743537  33.20442577 123.62399209],[ 3.94975264  5.45784137 26.29127002],[0.99447182 0.97978251 0.97624448],[0.99507695 0.98067097 0.91577716],[0.99988455 0.99996669 0.72889438],[0.99409831 0.98929092 0.34379317],[0.99969493 0.99983018 0.99713664],[0.99647853 0.98681592 0.9332568 ],[0.99923086 0.99977313 0.98169187],[0.99956326 0.99905968 0.99785096],[0.99627174 0.98921318 0.42554948],[0.99986595 0.99970618 0.91129088],[19.52919291 13.89123015 12.97340648],[20.02647682 14.08110429  7.47284529],[36.35726323 41.7640581   0.54305196],[19.21764325 16.65135527 -8.29093599],[32.13821822 34.67455544 22.38240111],[21.47901965 15.81792059  8.44797747],[27.91909541 33.41943981 14.23875318],[30.52716538 26.95037023 23.58699962],[21.22510078 16.62554602 -6.54905869],[35.70802302 32.30904732  6.89676527]
3,[26.67387958  9.8388005  14.49659731],[30.40650695 49.77289618 45.23987387],[11.30387762  1.7522681  12.77833753],[238.4383388  303.30789558 186.70994791],[14.65698076  3.57746698 12.85542465],[32.05574102 74.98947358 88.80069564],[ 2.09729779  2.34144169 17.10978282],[10.9874271  13.32099229  7.47636532],[130.62107033 536.1699079  349.24255148],[11.13770538 40.61670235 20.66082759],[0.99386292 0.99905023 0.97004628],[0.99200757 0.97600368 0.7589542 ],[0.9989066  0.99996975 0.9766386 ],[0.71707103 0.61253281 0.32495811],[0.99818304 0.99987391 0.97632523],[0.9912751  0.9486648  0.54571672],[0.99996227 0.99994597 0.95922619],[0.99895998 0.99830258 0.99171981],[0.88224119 0.38601294 0.16461269],[0.99893843 0.98411162 0.94217125],[19.11769725 27.19062241 12.06767508],[17.98009033 13.10960726  2.18256888],[26.57487203 42.17745438 13.16350948],[  0.09189922  -2.58820882 -10.13035257],[24.31853061 35.97795281 13.11126804],[17.52130456  9.5494594  -3.67533077],[41.20621897 39.65979856 10.62810665],[26.82150084 24.55873396 17.8191863 ],[  5.31915621  -7.53658322 -15.56954646],[26.70350646 14.87537229  8.99004231]
4,[25.47481575 52.91977665 13.04970387],[18.52954734  9.57372566 17.90386447],[2.3909308  1.40904094 9.8325123 ],[  6.82935544  77.90936882 192.84328602],[2.77000638 2.98517011 2.24397387],[21.02769624 42.45261753 23.09216718],[14.59412356 14.43942184  1.61798254],[ 5.92758389 12.21793233  4.74362998],[ 21.26291322  42.44126476 102.5274168 ],[ 4.80384278  9.08277034 21.16734526],[0.99446964 0.97240351 0.97616189],[0.99705194 0.9990956  0.9547969 ],[0.99995078 0.99998042 0.98601801],[0.99959861 0.94474243 0.28674262],[0.99993394 0.9999121  0.99926106],[0.99621672 0.98263083 0.92953004],[0.9981773  0.99794757 0.99961303],[0.99971221 0.9985395  0.99699015],[0.99613143 0.98263783 0.49665839],[0.99980135 0.99918684 0.93984994],[19.51719994 12.57710545 12.98098345],[22.28212477 27.42784593 10.23406095],[40.06808085 44.07099328 15.43970662],[ 30.95182664   9.21767178 -10.41109388],[38.78980557 37.55008381 28.27264067],[21.18358708 14.49137604  8.02370273],[24.3558606  23.85846941 31.11351995],[32.1818668  25.30951119 21.77078049],[21.08696564 14.49369915 -4.92380372],[34.00764527 27.88509884  8.77966871]
5,[29.29980476 45.87805803 13.75885267],[26.83666767 18.2826389  38.08358193],[6.02610476 1.89258548 9.18833759],[ 58.4997745  117.34387014 622.31135906],[7.78994583 2.93891917 8.99884785],[27.91095505 28.89154461 85.59227648],[61.34465466 63.66415196 16.91668053],[12.00703422  9.96947447  7.57346903],[127.64772858  76.91586183 345.73340302],[13.4377259   9.12548011 45.57746454],[0.99262875 0.97937653 0.97329844],[0.99378272 0.99669871 0.81925144],[0.99968742 0.99996467 0.98779416],[0.97167101 0.88654189 0.09786028],[0.99947735 0.99991506 0.98822821],[0.99329025 0.99180825 0.5617028 ],[0.97043653 0.96221686 0.96035444],[0.99876348 0.99907681 0.99150282],[0.88290919 0.94622903 0.16650961],[0.99844786 0.99917938 0.78772675],[18.30212644 13.81736497 12.52135218],[19.06484921 21.80868787  3.67824081],[32.03868742 41.50835543 16.02825772],[ 12.29633713   5.66025735 -20.58715798],[29.80873222 37.68571266 16.2092584 ],[18.72392702 17.83405028 -3.35569496],[11.88388645 10.97156633 10.72669363],[26.05070601 27.07602019 17.70709951],[  5.51915915   9.32914729 -15.48183023],[25.07290541 27.84435104  2.11799335]
6,[25.27020232 45.21074889 24.57294093],[33.65551188 12.21452769 36.39342248],[3.08377193 6.15132205 9.45192344],[330.43428473 203.4529331  509.13686011],[6.61175007 2.22124568 7.43548184],[34.97801919 19.80846775 35.76464884],[23.18335531 21.00968476 17.86904901],[ 6.90240605 11.29717874  9.1331475 ],[334.80804715 101.69298402 261.85203544],[32.94833555  7.34811314 18.02043264],[0.99453705 0.97997739 0.90643439],[0.99029618 0.99853659 0.82228446],[0.99991812 0.99962726 0.98705595],[0.58952785 0.74256122 0.11429482],[0.99962492 0.99995154 0.99187229],[0.98959485 0.99612463 0.84466158],[0.99538665 0.99565381 0.95364802],[0.99959385 0.99881321 0.98762037],[0.58476807 0.91164716 0.21786873],[0.99078392 0.9994685  0.95523322],[19.58724659 13.94463148  7.48385385],[17.09829697 25.31193194  4.0725386 ],[37.85777596 31.2700962  15.78259268],[ -2.74228107   0.88018639 -18.84369421],[31.2330924  40.11753357 17.86681424],[16.76351674 21.11244784  4.22391728],[20.33589514 20.60107478 10.25096778],[30.85941089 25.9900655  16.08058715],[ -2.85649678   6.90364568 -13.0681225 ],[17.28275137 29.7259488  10.17769232]
7,[48.73264513 44.71995304 13.6161646 ],[23.08475591 26.54914794 66.57387728],[ 2.77353627  6.3064222  47.50273723],[ 69.67176186 127.25156386 486.2988207 ],[3.60040798 7.08167973 5.31206237],[25.87876019 65.93752594 90.83042042],[ 2.72152662  6.52602261 13.10256696],[6.65065733 8.93973153 5.49768982],[ 48.36476934 133.40759594 440.22795156],[ 3.82532106 12.75978042 51.68189521],[0.97934007 0.98048795 0.97447186],[0.99544331 0.99303785 0.64405921],[0.99993382 0.99960792 0.77464046],[0.96057575 0.86971808 0.1109647 ],[0.99988854 0.99950535 0.99582441],[0.99424217 0.95860825 0.53567974],[0.99993627 0.99958014 0.97559992],[0.99964017 0.99924037 0.99559146],[0.98042996 0.8590268  0.13026819],[0.99987408 0.9983966  0.74764249],[13.88302127 14.03943872 12.61190073],[20.37291524 18.56845375 -1.17308044],[38.77874398 31.05380465  1.75862387],[ 10.77828511   4.95620293 -18.44506774],[36.51238665 30.04673986 20.78773327],[19.38055165 10.66681254 -3.8716299 ],[38.94316924 30.75649402 12.94586883],[31.18212954 28.02297597 20.48939192],[ 13.94883855   4.54585434 -17.58055569],[35.98606315 24.93260149  1.02622796]
8,[25.30342914 43.36393682 13.40329221],[10.59511489 16.67238648 23.75382183],[ 9.53388269  2.17433632 26.50241966],[208.24174746  41.77525268  94.89542421],[1.36996037 2.6093234  1.87147071],[10.61489325 25.34568386 27.42263441],[ 5.89372078 15.68428471 15.2768758 ],[ 6.87370009 11.84439642  5.47993062],[113.72889332 108.80181555 275.47531699],[13.57971005 14.70744542 34.04841823],[0.9945396  0.98142734 0.97493271],[0.99903433 0.99727438 0.92375414],[0.99921824 0.99995337 0.90997841],[0.75649706 0.98322356 0.52583131],[0.99998384 0.99993284 0.99948225],[0.99903107 0.99364361 0.90457458],[0.99970188 0.99759654 0.96565157],[0.99962395 0.99864922 0.99567355],[0.90431801 0.90031684 0.20782691],[0.9984158  0.99787289 0.86327345],[19.57583335 14.30689144 12.74876687],[27.13730756 22.60951012  7.77832669],[28.0540249  40.30293108  6.82728605],[ 1.26806498 14.63108379 -4.25190885],[44.90526091 38.71890731 29.84933591],[27.12110835 18.97138523  6.53081311],[32.23162984 23.14017115 11.61230563],[30.89560939 25.57920681 20.51749538],[  6.52200471   6.31674265 -13.50865724],[24.98161103 23.69872059  4.65105777]
9,[51.26452595 45.5297517  27.90674391],[35.86444927 18.89319959 54.20189834],[5.02260366 4.97123244 7.29590572],[139.46283245 231.49083052 446.69626254],[18.78573393  2.42093187 19.09342937],[35.29131787 22.85776952 65.65882903],[18.98200243 19.4941657  21.66310614],[19.0187429  15.04741322 15.2966887 ],[120.41253982 152.33705965 345.11591164],[ 9.55983672 16.80437658 46.31318499],[0.97712648 0.97968938 0.87810196],[0.98886879 0.99647466 0.691049  ],[0.99978283 0.99975636 0.9922542 ],[0.86495403 0.69468226 0.13779477],[0.99700252 0.99994219 0.94976791],[0.98934081 0.99488996 0.65651305],[0.99690947 0.99627219 0.93750075],[0.99689958 0.99787603 0.96588028],[0.89484981 0.82849138 0.1619431 ],[0.99921399 0.99722727 0.78171819],[13.44308206 13.88355986  6.37881324],[16.54613765 21.52335525  0.61270664],[33.62084279 33.1201841  18.03141231],[  4.75025134  -0.24121036 -17.70724979],[22.16285763 39.36981414  9.6753178 ],[16.68606344 19.86878851 -1.05286608],[22.07258048 21.25137244  8.57858203],[22.05578482 23.50022856 11.60104802],[  6.02598663   3.39335413 -15.46630307],[28.03041148 22.54101739  1.97890361]
10,[25.51214523 10.80599391 25.23128099],[30.5092423  18.07232093 50.07834841],[ 5.23570347  9.46578834 11.4234249 ],[218.03787018 241.97578257 363.57434579],[ 7.62824816  3.69426138 22.95741142],[27.87694173 23.39269261 43.80027718],[26.98975477 19.61702176 42.96338559],[ 8.55357123  6.81166533 22.05077632],[240.73863967 138.15991257 225.88684852],[26.29614541 14.59401963 22.35308012],[0.99442465 0.99884865 0.90451533],[0.99196906 0.99678867 0.7201621 ],[0.99976409 0.99911804 0.98140626],[0.74288065 0.6816077  0.17622774],[0.99950009 0.99986555 0.93000509],[0.99335331 0.99458804 0.79269336],[0.99395817 0.99620019 0.79908956],[0.99938314 0.99955462 0.93360914],[0.70921143 0.85205848 0.2724845 ],[0.99410449 0.99790626 0.93456951],[19.5044814  26.37617113  7.25421058],[17.95079253 21.90918689  1.29999664],[33.25992013 27.52632972 14.13706997],[  0.86878235  -0.62597256 -15.91886804],[29.99092471 35.69891312  8.07453824],[18.73451843 19.66786122  2.46345941],[19.0154422  21.19680402  2.63102664],[28.99647144 30.38439946  8.42451891],[ 8.50492868e-03  4.24182451e+00 -1.17848223e+01],[19.24157912 23.76596698  8.30624909]
11,[24.80397036 44.07456776 28.24049537],[22.82216421 69.42648641 32.82586839],[55.17934733  4.58520563 34.38728239],[ 10.74052378 666.34380276 268.33145141],[3.56892026 7.57990085 8.47010437],[25.95628247 51.99903185 34.67683064],[ 4.45608658 35.16245859 12.81541196],[5.82635406 8.93576118 6.23387448],[ 26.18550295 362.11990626 178.24812088],[ 3.97773684 33.05672591 23.58901798],[0.99475016 0.98104343 0.87454751],[0.9955175  0.95190912 0.85041154],[0.97472975 0.99979268 0.86011128],[0.99900793 0.31696784 0.21341075],[0.99989033 0.99943654 0.98957502],[0.99424664 0.97373158 0.85581247],[0.99982915 0.98775882 0.97650998],[0.9997265  0.99926364 0.99424916],[0.99414374 0.52731919 0.3132746 ],[0.99986381 0.98938777 0.92677369],[19.7489969  14.16570426  6.27555038],[20.47228446 10.21896177  4.96867211],[12.80388979 33.82228917  4.56503948],[ 27.01891175  -9.42450176 -13.28043501],[36.58868407 29.456195   16.73522135],[19.35457114 12.72956035  4.49220864],[34.66034857 16.12788083 13.13834515],[32.33148353 28.02683444 19.39783551],[19.27820258 -4.12758249 -9.72750262],[35.64670003 16.66426876  7.83879936]
12,[31.55114119 45.49538827 36.02672689],[ 83.42308089  45.91285645 126.430497  ],[ 6.48038351 62.29671703 63.0810358 ],[ 303.91421322  279.22327402 1121.82669063],[19.02393352  5.23905532 19.41170592],[ 67.93505563  40.33207188 119.43062391],[49.94640899 20.42673251 31.7339312 ],[16.51400833 11.02354133 22.08711173],[437.80122339 158.13458988 635.77060223],[30.96434964 14.12505288 54.63607078],[0.9913933  0.97972457 0.80256672],[0.94323765 0.97901596 0.37968666],[0.99963853 0.96369909 0.6773508 ],[0.62424736 0.62769084 0.05124206],[0.99694041 0.99972938 0.94790621],[0.9629284  0.98393473 0.43002405],[0.98104583 0.99587958 0.87765502],[0.99765744 0.99888589 0.93335657],[0.48707161 0.81741483 0.0918407 ],[0.99186185 0.99803689 0.7289243 ],[17.65911953 13.89011798  4.16050044],[ 9.21369648 13.81077924 -6.74404032],[31.40740681 11.16016229 -0.70497973],[ -2.01559925  -1.8695668  -25.70551879],[22.05341458 32.66440581  9.53172252],[10.99754226 14.93645485 -6.24931744],[13.66933559 20.84548746  5.26251907],[23.28237099 26.20304281  8.41021802],[ -5.18611844   3.06892797 -20.77301226],[17.82218172 24.04966385  0.54340741]
13,[49.27950421 44.60912835 12.79860799],[15.23179071 12.64404736 19.45134019],[ 1.8250258  16.05384886 35.38444427],[102.78043316  35.63955494  70.47333112],[3.11879826 2.06610248 1.34352534],[48.20761161 46.52483928 15.22243155],[2.77384471 8.80693064 2.06726753],[7.14781669 5.18198205 2.0453376 ],[ 60.08802671  46.44358213 121.32987424],[10.66441082  8.40697486 22.42432477],[0.97887165 0.98052943 0.97638425],[0.99800088 0.9984278  0.9482409 ],[0.99997133 0.99746639 0.85448145],[0.91958455 0.987691   0.63715496],[0.99991662 0.99995791 0.99973337],[0.98051063 0.97928106 0.96730331],[0.99993376 0.99923575 0.99936959],[0.9995787  0.99975654 0.99945254],[0.97017111 0.97935553 0.43139727],[0.99902145 0.99930342 0.93299651],[13.78609437 14.06099075 13.14974184],[23.9844017  25.01174322  9.514006  ],[42.41404078 22.9378821   4.316749  ],[ 7.4012121  16.01082006 -1.66749942],[37.75967529 40.74642832 32.72807937],[13.97710866 13.69576787 11.64331599],[38.77777809 28.15297398 28.98506293],[30.55595285 32.75954741 29.07769656],[12.06366213 13.71095132 -6.38635836],[27.08068364 28.55667053  8.27860909]
14,[25.12601102 44.69808799 28.26893791],[28.38937986 16.71185202 71.01921892],[11.06853974 41.00859466 10.96868281],[  76.47483716  321.00194083 1586.54428028],[ 5.82019481  4.00959919 11.45507328],[ 41.22844066  27.46114395 137.45289348],[17.08057173 86.04951086  6.13957523],[ 6.23729805  7.39154211 12.19300111],[237.37093626 171.6403746  835.26214069],[15.12290264  6.33596519 74.94284088],[0.99458647 0.98045127 0.87604964],[0.99314438 0.997254   0.62895423],[0.99894795 0.98381398 0.9827143 ],[0.95345858 0.57421852 0.03639412],[0.99971497 0.99984152 0.98164832],[0.98573728 0.99263403 0.38605975],[0.99749497 0.93379728 0.99448295],[0.99967638 0.99952636 0.97877821],[0.71463193 0.79530102 0.06743706],[0.99804138 0.99960424 0.61234222],[19.63695005 14.04368658  6.26680675],[18.57630285 22.58897387 -1.73452125],[26.7576144  14.79196777 14.48990703],[  9.96904975  -3.08068766 -28.71604737],[32.34067054 34.98744627 14.11303915],[15.33548279 18.27509301 -7.47008114],[22.9893729   8.35449738 19.53023008],[31.73949102 29.67476439 13.57078432],[  0.13087012   2.35707643 -23.14345935],[24.04671785 31.01320985 -2.20160646]
15,[24.42261844 49.36977023  5.70329987],[30.85784452 52.00119631 18.53887595],[ 2.11566846 10.14545478  9.28318188],[368.11430245 255.01738822  81.66955886],[2.98385139 4.04774105 2.40146376],[21.01082554 38.97850498 11.37381194],[26.93730293 21.89765102  8.88346227],[ 9.82549759 12.65485094  2.32912847],[242.52944634 413.09165659 140.68473971],[19.59477488 33.92138305  3.00455617],[0.99491365 0.97611869 0.99540748],[0.99190648 0.97397946 0.95025232],[0.99996147 0.99898499 0.9874769 ],[0.54821081 0.65934861 0.57930504],[0.99992349 0.9998387  0.99914765],[0.99620721 0.98506598 0.9810635 ],[0.99379101 0.99526637 0.9882713 ],[0.99917758 0.99843201 0.99928009],[0.70482371 0.47644392 0.38084358],[0.99671066 0.98881651 0.99866602],[19.88357648 13.18024338 20.17047246],[17.85210924 12.7291988   9.93132862],[41.13046874 26.92403511 15.93905939],[-3.68023286 -1.08193037 -2.94820761],[38.14387718 34.90521107 27.68347583],[21.19055864 15.23296195 14.17487573],[19.03233877 20.2415149  16.32135134],[27.7923299  25.00432482 27.94912769],[-0.05586854 -5.27146297 -7.67194324],[21.7966154  16.43999448 25.73739004]
16,[30.87372172 44.49612402 14.97051001],[36.13795542 37.11759303 65.85554386],[3.53530872 3.69898689 3.63692849],[174.55523816 153.42106356 469.74893278],[15.69873309  4.50382365  2.53854121],[30.29243561 37.06704638 82.39038044],[ 2.68716507  2.47881908 42.85477508],[18.06106777 17.01714739  3.38394359],[103.91823426 160.14380991 604.72687921],[10.64389747 20.08710534 53.05561447],[0.9918052  0.98044128 0.96871533],[0.98869694 0.98632395 0.65880474],[0.99989241 0.99986504 0.99804952],[0.81069298 0.82952911 0.13639247],[0.997876  0.9998005 0.9990502],[0.99207927 0.98643494 0.57361316],[0.99993783 0.99993939 0.80505155],[0.99719608 0.99715508 0.99837885],[0.91790895 0.81551791 0.09546622],[0.99902548 0.99604533 0.73861776],[17.84764127 14.08302186 11.78826466],[16.48014941 15.65786939 -1.07885023],[36.67087408 35.68780967 24.07830135],[  2.80076325   3.33176572 -18.14431946],[23.72212886 33.97783796 27.20131223],[18.0127371  15.66970587 -3.02453358],[39.05353406 39.16456891  2.65301218],[22.50455253 22.43173029 24.70453428],[  7.3055858    2.95926237 -20.33818887],[27.09740732 20.99111836  0.79836961]
17,[45.81104907 41.67217424 16.3959133 ],[16.48157519 12.87207016 15.3515085 ],[1.53143476 1.69699686 5.82075779],[172.79535143  66.00155464  75.18126736],[2.13523252 1.40628598 3.86943169],[18.41783475 88.84077252 27.7606011 ],[10.03755707 15.3052557   1.93779214],[10.33939053  7.13821883  5.02408077],[120.58482157  88.82586338  88.27084167],[17.10230387 12.80430475 16.64534978],[0.98177755 0.98301051 0.96177751],[0.99766263 0.99837044 0.96567138],[0.99997982 0.9999716  0.99502675],[0.8123411  0.95962346 0.61063931],[0.99996091 0.99998052 0.99778542],[0.9970851  0.93020524 0.89703449],[0.99915216 0.99769359 0.99944561],[0.99910919 0.99950384 0.99636549],[0.89401482 0.93024618 0.54756919],[0.99748993 0.99838682 0.96131946],[14.42001623 14.6525423  10.99828432],[23.29944665 24.85649753 11.56997544],[43.93745097 42.45584471 19.99340603],[ 2.88877988 10.65838219 -2.22919627],[41.05051746 44.08799257 23.5400529 ],[22.33464953  8.07721897  6.42441927],[27.60686042 23.35265371 29.54685277],[27.34952218 29.97766835 21.27186433],[ 6.01356807  8.07867675 -3.62334877],[22.9783286  24.90234546 10.86713807]
18,[26.3024678  11.94835519 15.87065981],[31.41122385 39.70329016 40.5502259 ],[ 4.12188911 11.86968104 95.84223509],[  34.24519177  105.46638555 1079.21850521],[12.04910401  4.07032091 12.05969095],[33.25882791 40.23215527 82.55978878],[ 7.14907758 10.93201533  9.34282728],[10.87680347 11.27234806  9.85395784],[116.41223489  55.98350343 571.27140683],[11.2604608   4.20979822 61.01355533],[0.9940549  0.99859101 0.96288567],[0.99147708 0.98441338 0.79879524],[0.9998537  0.99861294 0.51527085],[0.99010421 0.9061593  0.06311867],[0.99875631 0.99983784 0.97897209],[0.99052987 0.98392956 0.57221569],[0.9995599  0.99882286 0.98729499],[0.99898474 0.99885494 0.9856636 ],[0.90156237 0.97060491 0.10577154],[0.99891126 0.99982551 0.69121852],[19.23949102 25.50330301 11.28109693],[17.69772382 15.07293555  3.13313103],[35.33749489 25.56068453 -4.33814208],[ 16.94742892   6.58718425 -25.36919109],[26.0203259  34.85689247 13.66627302],[17.20128217 14.95799953 -3.04237488],[30.55442077 26.27546086 15.88343018],[26.90939534 26.00917769 15.42078259],[  6.31944843  12.08826404 -19.84385316],[26.60829771 34.5642399  -0.41553007]
19,[25.72384895 89.14883778  5.698538  ],[27.21132626 36.10519712 12.89994539],[3.10653005 2.5916084  7.01830779],[ 46.42500666  90.88045993 193.36830406],[7.92596507 7.05011723 7.72663193],[28.13983368 43.88054589 55.86141324],[ 1.75690372 24.46221945  7.53223448],[ 7.91833468 16.30703345  6.66712129],[ 63.52883421  75.31314864 124.89607128],[ 9.51513307 14.22985528 17.73821319],[0.99434141 0.91863009 0.99527768],[0.99364188 0.98713336 0.97557527],[0.99991696 0.99993376 0.99279872],[0.98208343 0.92781297 0.31052499],[0.99946087 0.99951007 0.9913257 ],[0.99325083 0.98102293 0.71704322],[0.99997343 0.99411852 0.99172408],[0.99947276 0.99743295 0.99341915],[0.9673274  0.94832657 0.42520002],[0.99922283 0.99800855 0.95660833],[19.43270196  8.04715179 20.17772761],[18.94442678 15.89807109 13.08123915],[37.79390979 38.77807793 18.36834837],[ 14.30438148   7.88005518 -10.43470918],[29.65837789 30.08553873 17.5331921 ],[18.65299045 14.20402507  0.35075821],[42.74446172 19.27954834 17.75451996],[29.66674389 22.80196626 18.81422947],[11.58000326  9.51204941 -6.63797896],[28.07112365 23.98545583 10.31479918]
20,[48.49685468 43.50439865 25.67599835],[23.21301313 45.19470931 12.92581683],[ 1.34465808  4.29615017 16.74223016],[ 10.68393747  93.13518519 172.25202073],[3.37403146 8.15946084 5.21816996],[20.50733258 40.65730019 44.43987212],[11.18930324 18.02921958  3.88252081],[7.64749984 8.92644874 3.41301424],[ 20.78391142  66.82800786 101.33150531],[ 3.95947555 10.96339368 20.82565889],[0.97954648 0.9815117  0.89728944],[0.99536243 0.97997835 0.97499709],[0.99998445 0.999818   0.96124665],[0.99901711 0.92321774 0.30544313],[0.99990209 0.99934731 0.99600559],[0.99638936 0.98363204 0.78978422],[0.99892532 0.99679247 0.99778498],[0.99952568 0.99922214 0.99849586],[0.9962896  0.95847147 0.4928748 ],[0.99986502 0.99881574 0.94129015],[13.92514952 14.2788021   7.1024498 ],[20.32479063 13.94771355 13.06383664],[45.06718366 34.38787642 10.81673043],[27.06479422  7.66718985 -9.43028992],[37.07643842 28.81623625 20.94263218],[21.40123748 14.86669477  2.33754057],[26.6633601  21.92992694 23.51072073],[29.96903144 28.03589119 24.63023458],[21.28487532 10.5502952  -4.8218933 ],[35.68666767 26.25056531  8.92102157]
21,[ 7.79910893 10.52969181  7.78156649],[ 9.78965206 26.96707974 65.86488667],[39.406634    3.44124659 38.07274863],[  4.77677761  18.1430667  980.6813919 ],[3.58289036 3.3597042  7.97022435],[29.88665799 16.73984452 65.30457679],[ 8.90025073 17.07762994 31.79055076],[7.73157473 9.72093452 7.68961598],[ 40.50421224  16.3026455  500.46846031],[ 4.09326636  3.835123   58.1727639 ],[0.99947614 0.99890869 0.99137012],[0.99917593 0.9928303  0.65445571],[0.9868806  0.99988321 0.83880911],[0.99980364 0.99677085 0.06206381],[0.99988952 0.99988884 0.99187927],[0.99240492 0.99724938 0.67725811],[0.99931873 0.99712477 0.877508  ],[0.99949644 0.99908488 0.99159334],[0.9861771  0.99739236 0.12261846],[0.99985577 0.99985499 0.71086865],[29.79852125 26.6011523  17.47165593],[27.82407584 18.43278711 -1.08008239],[15.72803417 36.31514963  3.68071195],[ 34.05672051  21.87525156 -24.53756211],[36.55475061 36.52344465 17.26358565],[18.1298739 22.5744371 -1.0058758],[28.65137614 22.40091353  5.24703555],[29.87406181 27.29530515 17.57490355],[ 15.48941717  22.8043038  -18.69453768],[ 3.53980208e+01  3.53738796e+01 -1.39738400e-03]
22,[25.82137599 52.11326326 13.02260911],[22.83104944 32.42744789 15.60026723],[1.31294336 2.05643716 2.83565288],[31.21976164 66.29785664 38.16321099],[3.40511878 3.32152704 4.08140044],[17.99310189 44.80995027 38.93366059],[24.47993283  2.01642382 10.75879424],[6.67581021 9.1964338  4.55910035],[18.26246525 54.43850973 48.22797127],[ 3.68161766 12.35097625 10.7723496 ],[0.99431438 0.97329584 0.97616446],[0.9955092  0.98963987 0.96425575],[0.99998516 0.9999583  0.99881512],[0.99168865 0.95906274 0.83857776],[0.99990018 0.99989184 0.99753734],[0.99721888 0.98026147 0.82566279],[0.99484751 0.99995991 0.982914  ],[0.99962194 0.99918378 0.99695993],[0.99713441 0.97189443 0.76886755],[0.99988329 0.99849774 0.98326598],[19.39983334 12.71050012 12.99903649],[20.46890348 16.8312101  11.43035583],[45.27450117 40.78715665 26.23993524],[17.75082931 10.61947574  3.66009842],[36.99677565 36.62270966 23.07681245],[22.53730018 14.02197626  3.48649181],[19.86321654 40.9578291  14.65772455],[31.14934134 27.77707652 22.11541356],[22.40823292 12.33134095  1.62701672],[36.31864729 25.21543977 14.6467878 ]
23,[50.26380542 45.54930931 15.46585893],[26.16950739 41.52152967 19.71680126],[ 4.13962906  5.17941613 19.38868315],[ 41.03892008  84.85541892 209.91860082],[ 6.15680535  5.67269309 11.8115659 ],[33.27894516 47.54146977 39.54004818],[ 3.68916256  5.06015517 11.85439131],[6.58366255 8.42897674 9.09218357],[ 67.30014914  83.63869285 121.52869627],[ 9.71867074 11.70732621 19.18042992],[0.97800421 0.97970009 0.96469945],[0.99414193 0.98296326 0.94083292],[0.99985246 0.99973552 0.94856422],[0.98579627 0.93574621 0.25770101],[0.99967406 0.99968256 0.98007461],[0.99053068 0.97780351 0.8207602 ],[0.99988282 0.99974755 0.97982471],[0.99963452 0.99931621 0.98783385],[0.96310904 0.93730671 0.42959639],[0.9991875  0.99865062 0.94958249],[13.61431366 13.87982958 11.5055157 ],[19.28351002 14.68399861  9.39626741],[35.30019243 32.76384941  9.54203031],[ 15.37550249   8.47587386 -11.14802187],[31.85231251 31.97367975 13.84684704],[17.19602993 13.50801342  3.3522527 ],[36.30086513 32.9661888  13.81541141],[31.27006972 28.5339684  16.11963268],[11.07910044  8.60132076 -6.40058019],[27.88728359 25.68031111  9.63582984]
24,[28.96679154 49.96258372  4.36201378],[ 8.24967049 31.80200168 14.68220692],[ 2.08381532 13.98937356  5.40538011],[ 55.19662424  54.55679254 105.49953372],[2.41371933 5.00374564 3.93283594],[17.57323506 56.92730207 23.23578462],[ 3.27803821 23.69543844  3.7930595 ],[ 6.53542463 11.18288906  3.96939134],[31.92796765 92.02331627 96.18714011],[ 4.97676697 15.88971865 15.8830073 ],[0.99279816 0.97534518 0.99747454],[0.999414   0.98997797 0.96827965],[0.99996261 0.99807508 0.99570888],[0.97473582 0.97188754 0.48678323],[0.99994988 0.99975302 0.99771929],[0.99735029 0.96948575 0.92813213],[0.99990749 0.99448256 0.99787972],[0.99966107 0.9988134  0.9977395 ],[0.9913361  0.92571201 0.51824876],[0.99978681 0.99751872 0.96469282],[18.40141309 13.07656772 22.49925591],[29.31068892 17.00037638 11.95716978],[41.26223645 24.13350015 20.6364718 ],[12.80117062 12.31248891 -5.17201422],[39.98568559 33.063561   23.39887999],[22.74238661 11.94305346  7.96984974],[37.32714075 19.55617052 23.71320347],[31.33394476 26.07838517 23.31851824],[17.55599548  7.7715079  -4.36934366],[33.70047485 23.02714135 11.27434188]
25,[24.23824434 52.01611796 14.48010106],[18.7854838  12.03885228 19.55591048],[ 1.98309129 13.24710539  2.65002858],[ 71.49674923 139.39075727  78.06777723],[4.65827719 1.9158105  6.43637522],[39.21897526 67.32557996 22.78170747],[20.30365052  2.56522284  6.05560144],[ 7.59132692 10.17061081  6.55700916],[78.39932262 67.3015654  68.32491204],[13.57596501 12.29916249 10.70660594],[0.99498292 0.97333377 0.96906721],[0.99695882 0.9985724  0.94179372],[0.99996614 0.99827357 0.99896264],[0.95867066 0.84994345 0.59214114],[0.99981338 0.99996387 0.99391215],[0.98693722 0.95804643 0.92816723],[0.99647653 0.99993512 0.99462882],[0.99951776 0.99899639 0.99364521],[0.95092809 0.95808956 0.64199791],[0.9984167  0.99851129 0.98338828],[19.94939779 12.72670676 12.07756473],[22.16297328 25.43776379  9.46743577],[41.69256681 24.60704567 26.82798544],[10.55369505  4.16478595 -2.5564397 ],[34.27491442 41.4024145  19.12016951],[15.76949613 10.48586344  8.14127117],[21.48793838 38.86696355 19.64985091],[30.03306708 26.90252478 18.95888078],[ 9.75317476 10.48896218 -1.39858504],[24.98400677 25.25195472 14.69996021]
26,[25.57188481 10.98012449 14.01056766],[10.69516053 16.84776524 39.04374407],[ 4.56956293  2.13206563 29.47634626],[196.42258374  27.12365289  61.89855596],[2.14312719 1.97775577 4.3848117 ],[55.52970442 23.3673319  53.842781  ],[ 6.40327089 15.80230309 74.79706711],[7.88635874 6.157008   5.07851495],[ 99.23487544 144.1794802  395.30855717],[13.04072863 18.02987797 39.21438587],[0.99442767 0.99881319 0.97257422],[0.9990167  0.99720616 0.82914007],[0.99982024 0.99995518 0.89160815],[0.775355   0.99282223 0.68787338],[0.99996057 0.99996143 0.99715442],[0.97436021 0.9946334  0.73072011],[0.99964782 0.99753558 0.61405821],[0.99948334 0.99966906 0.99644673],[0.92462556 0.84227777 0.14389652],[0.99853864 0.99680985 0.82853741],[19.48416618 26.23732022 12.36388195],[27.05567482 22.51861945  3.46196744],[34.44192772 40.47345413  5.90352359],[ 1.77559258 18.38250194 -0.54061376],[41.01846204 41.12601228 22.45397763],[12.74891374 19.67728296  0.67044692],[31.51138347 23.07505775 -2.18469479],[29.7018904  31.26207114 21.17826188],[  7.70613439   3.87139639 -16.64572773],[25.33338382 21.92960975  3.42408823]
27,[25.5065984  86.90112563  6.74553829],[25.82430405 21.58303894 26.38036417],[3.30162567 3.32951083 2.22203931],[127.17141696  99.95267599  57.58622806],[5.61156336 3.27221591 5.21622297],[51.08722996 31.85918791 34.52547695],[3.93554066 9.44045865 3.80187531],[11.42664774  8.56462962  7.07877584],[ 69.73299015 116.70311716 171.1651797 ],[11.87253715 15.93560564 24.36538473],[0.9944562  0.92301137 0.99338268],[0.99428685 0.99541159 0.89946461],[0.99990616 0.99989068 0.99927033],[0.88561477 0.91446761 0.70903002],[0.99972883 0.99989441 0.99599396],[0.97803108 0.99012951 0.85844994],[0.99986663 0.99912083 0.99787197],[0.99891082 0.99934156 0.99261555],[0.96080804 0.88780412 0.33213627],[0.99878964 0.99750469 0.9229857 ],[19.50637008  8.26895746 18.71266435],[19.39884844 20.36721361  6.86738086],[37.26486432 36.60185686 28.35796183],[5.55163077 7.05357698 0.08662393],[32.65774356 36.75262645 20.94587364],[13.47317387 16.98477147  4.53020285],[35.7393329  27.54960361 23.6930392 ],[26.48104419 28.39529377 18.29383339],[10.77065521  5.70781637 -9.37531182],[26.14855022 23.00209403  7.55753112]
28,[ 9.45714217 46.58971998 16.16397253],[26.83380958 31.45745974 55.77139269],[ 5.7933724   6.52130815 13.10553949],[587.94166044  52.32085825 324.00134969],[3.3271116  4.0786351  9.57861653],[38.74975363 30.84851769 91.00926729],[ 16.6427286   23.59048495 121.71207467],[ 8.49151176 13.41331541 11.93727332],[342.70935548 116.42933785 755.38577932],[32.52276906  5.32189642 48.41599184],[0.99923235 0.97875407 0.9606679 ],[0.99381214 0.9902327  0.70857461],[0.99971108 0.9995807  0.97568248],[0.37900951 0.97409838 0.17785139],[0.99990475 0.9998365  0.98695194],[0.98728834 0.99058023 0.53611926],[0.99761896 0.99453355 0.43230236],[0.99939681 0.99829544 0.97930147],[0.57479094 0.88827737 0.07746952],[0.99101162 0.9997207  0.76963354],[28.12422262 13.6836635  11.12203451],[19.0657743  17.09499251  0.36476679],[32.38079206 30.76277105 12.94389852],[ -7.74726372  12.67596831 -14.9179398 ],[37.19807359 34.83916845 15.66694084],[15.87404206 17.26477949 -3.88871577],[23.21493035 19.59472812 -6.41367672],[29.05972067 24.49874276 13.75489383],[ -3.05909823   5.72821695 -22.27037951],[17.39567067 32.52813715  1.59321992]
29,[10.10378402 43.35965738 13.95550374],[25.93317646 11.27045107 25.63589268],[ 6.51282065 11.39377838  6.03828627],[ 90.82858133  18.03575191 183.44853581],[8.01303438 3.43439521 3.84347767],[50.65898403 32.81446114 41.32517968],[ 4.09090161 10.56144341 23.75177207],[7.49804477 9.49806766 5.09118986],[ 52.2880109   32.71719572 317.59292799],[10.2526262   2.9169773  42.79993151],[0.99912259 0.9814578  0.97243582],[0.99422526 0.99875098 0.91226138],[0.99963534 0.99872349 0.9946528 ],[0.93638625 0.99679167 0.27842374],[0.99945159 0.9998837  0.99781752],[0.97877816 0.98950734 0.81263501],[0.99985591 0.99890509 0.9257067 ],[0.99951751 0.99912155 0.99618069],[0.97751078 0.98956423 0.18115398],[0.99909797 0.99991608 0.80564543],[27.54973989 14.30774866 12.39808624],[19.36230667 26.01063954  7.11602769],[31.36403859 25.91611015 19.67472261],[ 8.47497035 21.92678045 -9.97728841],[29.56348085 36.33246011 23.59850935],[13.54629146 16.72815996  2.96870158],[35.40304028 26.57499997  7.77907625],[30.14046039 27.49676032 21.15661073],[ 13.27137855  16.75394406 -14.74441988],[27.4227185 37.7508045  2.6641351]
30,[28.00941727 51.54975619 13.73461661],[20.21950657 46.17356671 13.99370411],[8.32505851 3.158294   7.14513726],[115.51052851 101.74686859 194.83647609],[6.2735226  7.02530384 8.46839705],[34.09217302 32.65362548 44.61327718],[6.02848528 3.21737211 7.47335882],[ 5.02338913 10.57148357  5.47761098],[121.53810054  63.22915354 114.82300292],[14.20705423  7.87506668 20.38554706],[0.99326559 0.97386911 0.97319189],[0.99650105 0.97908253 0.97194235],[0.99940406 0.99990161 0.99255469],[0.90200249 0.91010292 0.28132837],[0.9996627  0.99951308 0.98966838],[0.99016737 0.98943557 0.78717328],[0.99968729 0.99989789 0.99177834],[0.99979233 0.998923   0.99556041],[0.89328637 0.96221978 0.44569048],[0.99826784 0.99938814 0.94357045],[18.6933395  12.80493319 12.53666577],[21.52400991 13.76159703 12.37434285],[29.23167508 37.0604144  18.21278506],[  6.38698955   6.89904446 -10.50040874],[31.68919164 30.11616327 16.73697234],[16.98632729 16.77083735  2.30371405],[32.03525688 36.89943963 17.82267989],[33.61948454 26.56674672 20.52117288],[ 5.94517208 11.03111814 -5.90758143],[24.58934021 29.1243807   9.10654917]
31,[26.23931034  7.89123227 26.3735942 ],[28.4867833  11.43474223 61.56108416],[ 3.57210513  1.57984752 13.60982413],[105.3695275   53.08420935 104.27583197],[ 9.66422295  2.15110536 26.55821262],[24.48612511 52.93177874 50.232057  ],[19.08810293 24.98453773 38.28538112],[10.47027441  8.20733597 23.12811105],[ 57.60239233  52.85558957 267.86065673],[ 9.16457114 11.5307409  23.0652274 ],[0.99409279 0.99939066 0.89727856],[0.99301163 0.99871073 0.64577975],[0.99989015 0.99997539 0.97372874],[0.91598147 0.97327772 0.48221746],[0.99920072 0.99995439 0.91023034],[0.99483513 0.97342269 0.75291459],[0.99689149 0.99388394 0.83320766],[0.99905792 0.99934212 0.92816158],[0.97266149 0.97350583 0.22231083],[0.99927782 0.99869063 0.9299255 ],[19.26037265 29.10656897  6.86961019],[18.54655274 25.88493792 -0.49312861],[36.58093632 43.07716203 12.61594632],[ 7.18512032 12.55015844 -5.07067669],[27.93608216 40.39623187  6.80901972],[19.86101969 12.57513573  1.27337733],[22.02416561 19.09603913  3.63233709],[27.24025969 28.76542127  8.01019331],[ 12.43061056  12.58764707 -13.265182  ],[28.39717804 25.81232123  8.03384177]
32,[27.98495983 84.12667487 13.84994436],[32.1364433  16.63490045 14.3461874 ],[ 6.30603353 14.71115207 13.15824333],[ 99.02176477  76.82144565 178.28607371],[11.73305142  3.74286704  9.56757715],[26.3750861  56.7028961  53.19851077],[21.2721304  10.68900653 10.03292734],[12.16701135 10.24120348  7.56738885],[ 83.79885221  69.70787587 135.13663379],[ 8.1408065  13.07356803 18.46311748],[0.9932738  0.92784927 0.97253998],[0.99107665 0.99726961 0.96920567],[0.99965784 0.99787322 0.97540906],[0.92495905 0.94592975 0.33116459],[0.99881742 0.99986241 0.9868405 ],[0.99401217 0.96978587 0.73329759],[0.99619592 0.99887431 0.98544775],[0.99872875 0.99902248 0.99162266],[0.94454383 0.95547127 0.40549219],[0.99942997 0.99831899 0.95336718],[18.70092722  8.55079103 12.46403601],[17.49946478 22.62906138 12.15826659],[31.64429546 23.6965318  12.90903832],[ 7.72480773  9.33981599 -9.72935183],[26.25120149 35.58537751 15.67695712],[19.21554325 11.97736068  0.77500709],[21.08320124 26.47071866 15.26444324],[25.93574271 26.8424456  17.71407557],[ 9.17465957 10.18382852 -7.32246535],[29.42607233 24.72158288  9.96689592]
33,[31.72843754 47.34715404 18.87551378],[34.11996924 47.99607204 19.01507658],[ 5.48990114 14.40131591  1.68778194],[ 63.38666111 171.69266157 605.87883959],[14.6655457  12.09046274 14.19081668],[ 39.16643796  47.92280409 170.35548531],[13.08256143 27.46879362  1.64526813],[14.54250911  5.9596123  13.93146182],[105.75318494 129.67847643 360.69206237],[13.21126689 17.01465647 29.10141357],[0.99132342 0.97794358 0.9459085 ],[0.98993098 0.97723842 0.94509869],[0.99974058 0.99796083 0.99957902],[0.96705318 0.7951738  0.0979433 ],[0.99815034 0.99856836 0.97204823],[0.98690879 0.97731095 0.32331616],[0.99852993 0.99261903 0.99959999],[0.99818389 0.99964967 0.97199197],[0.91548999 0.86662492 0.1670168 ],[0.99850009 0.99715709 0.89496642],[17.61044725 13.54358791  9.77502095],[16.97924835 13.42535157  9.71103501],[32.84813049 23.88142196 30.74666989],[ 11.59946345   2.35443084 -20.35471911],[24.31345642 25.40060704 12.25284879],[15.78113945 13.43862106 -9.33412586],[25.30556532 18.27267377 30.9682629 ],[24.38663408 31.54510535 12.41306281],[  7.15355186   4.79210751 -15.84973512],[25.22053165 22.4330018   6.01471489]
34,[53.93276363 14.10423234 15.96052159],[30.60124198 47.40867964 21.78464799],[1.86615829 4.66206088 9.53931467],[ 27.57514192 142.17457903 221.42033542],[11.84610134 10.99685563 14.5249147 ],[47.7456247  38.5618154  34.49402604],[ 2.15751957 19.59679818  8.94769461],[17.30176927 11.71948405  9.3971177 ],[ 52.13165531  79.72048462 122.0596493 ],[ 6.28294033 12.62518815 17.58159897],[0.97463325 0.99803606 0.96233784],[0.99198489 0.97782036 0.92772838],[0.9999701  0.99978567 0.98687028],[0.9934477  0.84198534 0.24504159],[0.99879934 0.99881264 0.97017605],[0.980657   0.98526298 0.85538829],[0.99996007 0.99620528 0.98838943],[0.99746292 0.99870863 0.98698802],[0.97688308 0.94320055 0.42108574],[0.99966044 0.99843396 0.95704824],[13.00236747 24.06247643 11.23205498],[17.92463991 13.5323083   8.52998565],[42.2204514  33.67790669 15.70265308],[ 18.82906585   3.99302648 -11.6113535 ],[26.1679121  26.22409503 12.05072477],[14.06074937 15.32631607  4.53811885],[40.96032611 21.2057631  16.25877353],[22.87761065 25.67129566 15.83310326],[13.29739067  9.0180669  -6.43844577],[31.67616227 25.02470832 10.39182919]
35,[49.18500696 44.10435773 25.60774446],[13.57285022 37.64057807 10.02616664],[4.82312376 5.49800592 7.58239019],[92.97448632 44.81073887 60.26600528],[4.89491078 4.8000608  1.81942639],[37.05381321 40.2334921  76.51537385],[15.29337104  2.63768256  2.02260324],[7.98602776 7.98575514 2.11205064],[59.99446301 56.89200456 76.49722171],[11.06070567 10.3177775  14.41675836],[0.97895337 0.98093275 0.89786436],[0.99841316 0.98598353 0.98542866],[0.99979973 0.99970207 0.99161139],[0.93266979 0.98084027 0.69523058],[0.99979369 0.99977729 0.99951087],[0.9883341  0.98394379 0.60466851],[0.99805151 0.99993141 0.99939592],[0.99946255 0.99937125 0.99938216],[0.97025524 0.96981753 0.60469464],[0.99894757 0.99895305 0.97061147],[13.80276623 14.15983546  7.12557004],[24.98599984 15.53633981 15.27029822],[33.97285286 32.24536144 17.696874  ],[ 8.27214522 14.0218234  -0.30845152],[33.84452537 33.42453072 30.09430679],[16.26276282 14.95771092 -2.38197751],[23.94935647 38.62501493 29.1747826 ],[29.59280467 29.00314571 28.79891006],[12.07719756 11.94844078 -2.37991666],[26.76376426 26.77774233 12.1156442 ]
36,[27.39834216 87.6199856  13.05445153],[16.75370779 39.02473521  8.95035237],[5.61697392 2.06074482 2.51431169],[255.75149128  44.13691205  71.77466031],[5.05484595 3.6557242  2.3550136 ],[36.5031856  41.86563392 38.75889042],[15.1591195   2.47888062  2.06530138],[ 6.71396536 12.47493269  3.32805576],[132.0007419   41.4659682   38.68399905],[14.64934756  9.3117119   8.14798611],[0.99356975 0.92171443 0.97633703],[0.99759324 0.98493651 0.98809217],[0.99972848 0.99995812 0.99906675],[0.68571982 0.98125028 0.62956787],[0.99978015 0.99986818 0.99918747],[0.98872099 0.98308127 0.83236442],[0.99804267 0.99993941 0.99937006],[0.99961904 0.99848891 0.9985055 ],[0.87705623 0.98339226 0.83324172],[0.99815749 0.99914515 0.99033855],[18.88493527  8.19740195 12.97782398],[23.15720225 15.2226662  16.25619391],[32.64937282 40.76898116 27.2846143 ],[-0.51694252 14.15342659 -1.82642633],[33.56526248 35.78999702 27.8531282 ],[16.39280564 14.61231207  3.52556987],[24.02594144 39.16435325 28.99332787],[31.09983905 25.12870128 24.84918471],[ 5.22789353 14.6956293   3.54236931],[24.32305531 27.66887489 17.07199099]
37,[24.94882589  8.95727152 13.50154764],[ 21.52549152  29.19646942 132.9569818 ],[  6.75985416   6.4812281  171.91641096],[326.79702517  22.74377774 183.45537028],[2.55644366 4.8077743  9.90022858],[17.94752585 28.3412464  95.47167235],[ 8.79070553 18.55988147 44.16225382],[ 6.23006087 10.40850578  5.86437304],[170.04667945  65.55948527 701.63781044],[24.17111364  4.94836084 54.80712022],[0.99468864 0.99920836 0.97481343],[0.99602531 0.99155899 0.4031794 ],[0.99960717 0.99958604 0.31965785],[0.59293972 0.99495735 0.30324073],[0.99994373 0.99977211 0.98570773],[0.99723308 0.99205231 0.51983132],[0.99934043 0.99662087 0.79646465],[0.99967431 0.99893326 0.99503359],[0.81678439 0.9602104  0.08176202],[0.99500864 0.99975868 0.7273876 ],[19.69841873 28.00595072 12.68532552],[20.98035943 17.74285875 -7.18122637],[31.04067444 30.81631937 -9.41335013],[-2.64614092 19.91221345 -9.977612  ],[39.48669646 33.41058406 15.38009215],[22.55932922 18.00108658 -4.30449402],[28.75894632 21.67796154  2.391972  ],[31.74957518 26.70169775 19.92856482],[  3.02805786  10.7167548  -21.62926311],[19.97348777 33.16023828  0.51625692]
38,[25.46840322 90.42727937  7.44150428],[23.94143532 35.24534028 15.21958272],[ 4.0220605   6.72525969 32.89015935],[ 79.34638807  53.99034783 272.14908723],[ 2.64677348  3.01723153 13.6122237 ],[40.95962998 47.11419279 80.28549696],[ 7.44284886  3.59843588 16.57615485],[ 6.4940853  11.43560069 11.03152202],[ 80.06083337  47.04216726 191.74164024],[ 9.69188014  8.65768294 28.0307805 ],[0.99447537 0.91630519 0.99178304],[0.99506282 0.98771466 0.96638232],[0.99986071 0.99955422 0.87137195],[0.94963316 0.97244084 0.20884094],[0.9999399  0.99991022 0.97341017],[0.9857537  0.97880188 0.58659933],[0.99952298 0.9998723  0.9618558 ],[0.99966351 0.99874296 0.98186394],[0.94873576 0.97885483 0.29620468],[0.99919166 0.99926147 0.90147111],[19.51938663  7.92347621 17.85978186],[20.0564173  16.10743134 11.64494167],[35.550449   30.49528433  4.95167703],[  9.64887773  12.40314299 -13.40314106],[39.18508549 37.45729275 12.61441504],[15.39230048 13.58643041 -2.79974541],[30.20463697 35.92719012 10.90332068],[31.38906119 25.88428586 14.44028786],[  9.57101884  13.59971907 -10.36133218],[27.91126028 28.30143196  6.34029277]
39,[23.93505236 47.9821771  13.12328076],[24.91486107 26.66950061 26.1917731 ],[2.56260133 1.90990626 2.3546854 ],[ 23.60612175  29.58387135 620.85762562],[6.165822   2.50455042 1.78625381],[26.32693301 31.12847725 66.2482178 ],[15.52138391  1.89032449  7.1709406 ],[ 7.98220998 12.23152834  3.35389001],[ 26.88525038  31.0675205  415.0592467 ],[ 5.54212618  5.77484121 51.41955685],[0.99510716 0.97733709 0.9760974 ],[0.9946942  0.99298504 0.90916136],[0.99994346 0.99996402 0.99918614],[0.99527061 0.99146832 0.06386056],[0.99967375 0.99993813 0.99953213],[0.99412992 0.99059661 0.6592012 ],[0.99792988 0.99996477 0.99245551],[0.99945921 0.9985626  0.99841014],[0.99389347 0.99063293 0.13914432],[0.99973638 0.99967138 0.74983776],[20.05873334 13.42786651 12.93214818],[19.71025157 18.52916783  6.92969859],[39.46580003 41.42922445 27.85433878],[ 20.17892812  17.6283654  -20.56684381],[31.83960132 39.07486991 30.2541332 ],[19.2314156  17.18630797 -1.1304874 ],[23.82081215 41.51873827 18.18147409],[29.59695801 25.29985098 24.78202026],[ 19.04913926  17.20333363 -17.06920529],[32.76589279 31.81866456  1.07043   ]
40,[29.24659471 44.79527319 17.65388919],[44.16432659 42.11546225 47.12830665],[21.32813662  9.93497788 65.48689339],[410.62256736 164.8942036  165.88919309],[5.85267991 2.29770268 7.04884422],[31.49429757 39.73519452 37.79543109],[ 21.51524775   7.77090026 114.15799653],[6.18036925 8.14171688 9.60965484],[224.63566175 465.11528196 350.56602987],[16.91511262 33.18384289 37.74249636],[0.99265427 0.98037215 0.9537969 ],[0.98348564 0.98282607 0.77050322],[0.99610561 0.9990279  0.66527897],[0.50595087 0.80714625 0.33505423],[0.99970508 0.99994793 0.99275795],[0.99154256 0.98480507 0.83681619],[0.99603808 0.99940427 0.45276293],[0.99968248 0.9993797  0.98648111],[0.73127485 0.43559262 0.16591252],[0.99754521 0.98931251 0.83941724],[18.31791484 14.02482171 10.35618866],[14.73798872 14.56063406  1.82735987],[21.06036269 27.10612741 -1.03009119],[-4.62943531  2.70535771 -9.10336531],[32.29232551 39.82358887 18.33063833],[17.67478244 15.06595863  3.74421052],[20.98449394 29.24003881 -5.85713018],[31.81913251 28.83514558 15.63884081],[  0.60984691  -6.30174668 -15.60240002],[23.0739231  16.63093193  3.75638415]
41,[26.76909662 49.13755336  7.24397673],[27.1936396  37.03574556 33.71258293],[  4.08835524   3.26699516 225.33252741],[105.97207523  53.95285297 168.12941362],[ 9.96555844  4.0257469  10.61918715],[29.89646362 50.4625311  31.70128389],[ 2.44584326 22.05705362  4.91186893],[10.30413475 11.17823506  6.53727658],[ 64.35083198  50.15386002 194.38793715],[ 9.91678008  8.67634923 31.80758927],[0.99386051 0.97617809 0.99247849],[0.99366104 0.98645187 0.84205447],[0.99985608 0.99989477 0.25238233],[0.91530966 0.97251983 0.33012201],[0.99914616 0.99984016 0.98383907],[0.99231788 0.97581233 0.87572494],[0.99994849 0.99521848 0.99645465],[0.99909907 0.99879187 0.99368322],[0.96613712 0.97607693 0.28903615],[0.99915408 0.99925845 0.87769701],[19.08674667 13.22119493 18.09345566],[18.95007422 15.67704367  4.73715603],[ 35.40844847  36.76649567 -11.76348117],[ 7.13559219 12.40917721 -9.21987738],[27.66938816 34.95253616 14.77117109],[18.12702458 12.9900849   5.27145956],[39.87084853 20.17851552 21.46806119],[27.37919038 26.08200074 18.98505939],[ 11.46833765  13.04337823 -10.48038964],[27.71200733 28.28272501  5.24238149]
42,[27.78860671 53.02474313 12.97032518],[ 4.70532956 12.36931836 18.63630016],[1.87079118 2.34931824 2.72625606],[  1.76831033 196.07601076 362.2794906 ],[2.6275347  2.54973388 4.13143743],[13.83303999 51.37189621 32.51701401],[12.74368514 17.16432375  7.77423613],[ 6.94603945 10.68031222  5.21238492],[ 13.87369397  99.98844789 185.31942246],[ 1.76338263 14.60246468 31.57247278],[0.99338424 0.97227008 0.97594836],[0.99980939 0.99849607 0.94763318],[0.99996987 0.99994558 0.99890139],[0.99997311 0.75538894 0.14666495],[0.99994059 0.99993588 0.99747726],[0.99835419 0.97447264 0.86788066],[0.99860247 0.99709615 0.99109333],[0.99959351 0.99888304 0.99612102],[0.99834387 0.91403875 0.29327499],[0.99997323 0.99790408 0.877857  ],[18.76208553 12.55989403 13.0339793 ],[34.18762004 25.20255015  9.88580265],[42.19891468 39.63062849 26.58166371],[ 42.6882513    1.20097625 -15.88787838],[39.24845175 38.91956841 22.97097298],[24.82106833 12.83495357  5.05078342],[25.53352032 22.35693155 17.47984204],[30.80467606 26.47778653 20.952267  ],[ 24.79557876   7.05046896 -10.06542218],[42.7124898  23.76094221  5.30682463]
43,[26.35672084 13.62197903 18.607589  ],[35.25205804 47.72012286 47.79314255],[6.95626649 7.17785091 7.38174938],[189.26968669  75.04939748 133.88207013],[15.98879953 11.29143354 14.98749597],[36.62563765 40.01228686 57.53725221],[40.07854394 29.301579   29.69537931],[11.68369921  9.0829503  14.98247276],[116.78414512  94.14515008 198.20435093],[12.49725098 12.74821304 21.73727811],[0.9940129  0.99816988 0.94748466],[0.98924578 0.97750195 0.73557165],[0.99958378 0.99949224 0.99204339],[0.78878248 0.94869044 0.40398148],[0.99782984 0.99875186 0.96823922],[0.98860815 0.98412247 0.70322106],[0.98644903 0.9915116  0.89062735],[0.99882624 0.99920063 0.96767703],[0.90153571 0.92291524 0.28123436],[0.99866036 0.99840181 0.93671283],[19.22159344 24.36466135  9.89919449],[16.69573144 13.47543444  1.70568483],[30.79189675 29.92957683 17.92981066],[ 2.09779971  9.5425213  -7.24145179],[23.56310383 25.99448385 11.778415  ],[16.36371708 15.00559803  0.09401423],[15.58118227 17.71164502  5.83921904],[26.28781362 27.88492675 11.78132665],[  6.29174325   7.57350646 -10.64926709],[25.70313114 24.94047925  8.54889335]
44,[28.211869   44.7700786  13.10175718],[60.24867908 27.04823379 48.31989709],[  3.19384493 154.83373076   2.67253487],[755.83407447 111.72779208 301.40649344],[3.26977531 3.19923277 2.45841984],[50.41158122 25.3518641  42.73483875],[22.32205551 16.19473551  3.01819028],[ 6.27865074 12.27999893  3.11905254],[516.02625339 150.99813668 413.17648769],[38.72275304  8.58569517 26.11059379],[0.99317422 0.98036915 0.97613262],[0.97019797 0.99290336 0.77153975],[0.99991224 0.8235175  0.99894563],[0.30406314 0.89609013 0.19006441],[0.99990815 0.99989913 0.99910985],[0.97883536 0.99367012 0.8068126 ],[0.99573851 0.99742294 0.99865575],[0.99968705 0.99858409 0.99860205],[0.42351578 0.8310177  0.14012858],[0.98734059 0.99927409 0.91231147],[18.6307838  14.02970836 12.94640566],[12.04047038 18.40668727  1.61047657],[37.55314446  3.25215393 26.75452897],[ -9.92910837   6.08624117 -14.2900555 ],[37.34906277 36.9485487  27.47987553],[13.58881458 18.96926754  2.67735519],[20.66473729 22.86198831 25.69806425],[31.68209446 25.26549892 25.41254278],[ -6.61401498   3.47003374 -17.0297154 ],[15.88009644 28.3739562   6.95666162]
45,[31.56370945 84.05780816 13.96878686],[12.34557953 13.54082184 77.71458151],[ 37.19962122   9.21243972 132.7557811 ],[ 94.78118517 459.78055613 823.28215931],[2.05552345 1.70196398 7.40832509],[12.72205351 14.52396358 56.52890564],[ 4.59485842 15.31852551  6.67911279],[6.60614892 8.46215755 7.20330134],[201.1044997  250.22212218 445.99117113],[17.46005114 24.43853485 38.55205972],[0.99144233 0.92785077 0.97271597],[0.99868849 0.99819299 0.596076  ],[0.9882867  0.99916386 0.4010028 ],[0.9305342  0.43981267 0.07070443],[0.99996379 0.99997143 0.99191662],[0.99860775 0.99792453 0.71125333],[0.99981821 0.99768627 0.99339798],[0.99963084 0.9993348  0.99235279],[0.76749582 0.66891512 0.12865051],[0.99738417 0.99416026 0.83363957],[17.65566023  8.55790427 12.38982277],[25.80919134 24.41656502 -2.51705367],[16.22865062 27.76197232 -7.16807226],[  8.10497827  -6.20154652 -23.0179775 ],[41.38097225 42.43045823 17.89859596],[25.54827661 23.80776248  0.24758503],[34.39397829 23.34512622 18.79862104],[31.24045378 28.49984336 18.14236492],[  1.57098521  -0.91704856 -17.69352864],[22.79851074 19.28796219  3.57204487]
46,[49.12313562 50.59856768 14.0892033 ],[20.03446171 54.89503401 18.85719597],[ 4.54265826 11.34018054  5.87682424],[ 37.94091176 112.11633572  84.79745138],[ 4.01338591 19.90723447  9.03796347],[22.90977631 44.47505358 22.22843502],[24.44867923 33.27330164 11.74138066],[ 5.47732756 24.02371039  6.88035696],[ 23.24905611 147.59506213  64.75169323],[ 4.70630283 16.03393441  7.77854123],[0.97900357 0.97466362 0.97113292],[0.99654597 0.96988805 0.94599552],[0.99982234 0.99873305 0.99493793],[0.9878121  0.89448629 0.56991713],[0.99986138 0.99609038 0.98811475],[0.99550753 0.98045483 0.93129447],[0.99488057 0.9891008  0.98023394],[0.99976662 0.99429261 0.99301617],[0.99537566 0.83642342 0.66840916],[0.99980931 0.99747208 0.99118202],[13.81369936 12.96670104 12.31526787],[21.60386741 12.25880433  9.7834543 ],[34.49321965 25.95706613 19.91014254],[16.05726571  6.05608759 -3.27465941],[35.56920254 21.06924687 16.17158495],[20.439004   14.0871359   8.35481883],[19.87431292 16.60754756 13.89861322],[32.8680467  19.43666383 18.54077717],[20.31131446  3.66802894 -0.932026  ],[34.1858236  22.94866345 17.47503343]
47,[47.12248046 44.63711517 13.9480647 ],[18.83178237 35.71267099 18.68192841],[ 2.6672056   1.92122076 51.47587356],[ 40.29331234 394.80982579 125.86132119],[2.5095998  3.07267758 6.82661438],[36.41104633 47.54201153 29.70502884],[1.55130724 3.97368134 4.21310868],[5.49150194 3.82501469 6.79083317],[ 36.57971726 292.72913242 108.98480843],[ 5.82916124 30.04843712 16.66937583],[0.98070343 0.98049247 0.97165965],[0.99695168 0.9876671  0.94701536],[0.99993876 0.99996359 0.74355266],[0.98628299 0.49749804 0.43121187],[0.99994585 0.99990739 0.99317559],[0.98875757 0.97828856 0.88608347],[0.9999793  0.99984426 0.99738831],[0.99975845 0.99986314 0.99318168],[0.98864493 0.61011646 0.48242493],[0.99970751 0.99121195 0.96161343],[14.17485811 14.05554312 12.40271752],[22.14159244 15.99301885  9.86456251],[39.11829109 41.3779201   1.06092208],[15.53476157 -4.87829355 -6.70484914],[39.64733154 37.29912566 18.60888916],[16.41475779 13.50791444  5.83639702],[43.82546459 35.06560477 22.80094334],[32.84559815 35.39680336 18.65453535],[16.37461409 -2.27985341 -5.45432272],[32.3272996  17.49302773 10.85460982]
48,[28.1399677  44.23356569 13.64688238],[29.89913482 16.21401644 13.79222042],[2.82984436 1.90645878 3.55512113],[ 59.59905257  81.15999966 127.4440463 ],[12.48506595  2.83429511  5.19902416],[29.60813855 57.66172982 35.23653996],[42.22642103 33.94478307  2.39388643],[12.81601317  9.98027844  4.13633546],[72.94882525 72.66249521 74.16347084],[ 8.64881734 14.38478424 11.05579671],[0.99318087 0.98070535 0.97384769],[0.99228437 0.99740428 0.97315106],[0.99993107 0.99996416 0.99813711],[0.97092597 0.94038121 0.41370857],[0.99866937 0.99992153 0.99602143],[0.99252608 0.96848717 0.8498463 ],[0.98671465 0.98879205 0.99915435],[0.99858579 0.99903275 0.99751928],[0.95751619 0.95138228 0.61621059],[0.99935757 0.99796308 0.98239973],[18.65294908 14.13442651 12.59232761],[18.12624854 22.85165332 12.5003128 ],[38.60416996 41.4449171  24.27590853],[12.13463385  8.86262477 -6.81339445],[25.71160416 38.00056415 20.97455987],[18.21119888 11.83171216  4.35313146],[15.1277355  16.43400475 27.71092574],[25.48436207 27.06661235 22.96068152],[10.37905492  9.82325935 -2.11080435],[28.90028647 23.89139846 14.4211957 ]
49,[27.74919045 46.00444965 23.24987842],[29.82461422 49.08988632 16.79769115],[ 9.20878257  2.31244407 11.16721925],[348.04995795  97.20017331 167.32142535],[2.65885031 4.3044522  9.08665838],[20.99272936 37.66018675 75.1169322 ],[9.97758037 2.77325757 8.443305  ],[ 5.51974487 10.90614605  7.79276615],[227.15940998 136.1657458  190.80481546],[24.33486549 15.44762679 21.28986603],[0.9934026  0.97926045 0.91714232],[0.99242928 0.97606492 0.95806036],[0.99927133 0.99994733 0.98206939],[0.56934026 0.91860045 0.31871417],[0.99993935 0.99981745 0.98786144],[0.99622988 0.98597339 0.59864657],[0.99914463 0.99992419 0.98965263],[0.99976512 0.99883474 0.99100795],[0.72781687 0.85653482 0.28070832],[0.9949441  0.99765775 0.93880355],[18.77441462 13.79346871  7.96458286],[18.14792427 13.22962497 10.78800475],[28.35537659 39.76804073 14.33409573],[-3.19341074  7.29612471 -9.17803453],[39.14554322 34.37110771 16.12491257],[21.19804283 15.53181611 -2.22176027],[27.65891628 38.18966136 16.76274703],[32.80104089 26.29603932 17.45916371],[  0.51280633   4.36810812 -10.31879004],[19.91484197 23.27223013  8.72953801]
50,[24.11205215 49.19112324  5.1659303 ],[20.43694122 27.19345547 18.45748418],[5.56755616 1.4066462  3.6904781 ],[148.16355541  84.70218558  52.27667758],[3.43805462 1.63519682 5.19718019],[20.97306346 21.69945957 22.42498585],[2.78045358 9.9357705  4.91909976],[5.76798966 6.45566215 5.70085182],[ 84.92747615 184.32813608  53.65337434],[11.09733232 23.24756953  7.35722502],[0.99502887 0.97615976 0.99606677],[0.99640023 0.99277025 0.94833638],[0.99973315 0.99998049 0.99799508],[0.85199748 0.93524263 0.74703198],[0.99989907 0.99997403 0.99603674],[0.99621444 0.99535699 0.9322366 ],[0.99993345 0.99902608 0.9964367 ],[0.99972627 0.99963867 0.99519501],[0.94331524 0.77319978 0.73902615],[0.99894176 0.99470917 0.992119  ],[19.99473749 13.21173071 21.03002574],[21.43110305 18.36017756  9.96954649],[32.72612884 44.08576795 23.95134393],[4.22459315 8.49157317 0.92683702],[36.91316553 42.77806481 20.9776411 ],[21.20618355 20.32048714  8.27835303],[38.75710799 27.10543447 21.45528398],[32.41893151 30.85064962 20.17420153],[9.05845661 1.73763287 0.70105577],[26.73504914 19.7219144  17.95871581]
51,[26.32061557 48.15941418 26.68843188],[28.31338139 49.38364904 41.8265637 ],[ 4.27766247  1.98946312 27.23099165],[ 40.76139136 131.57523084 400.20786006],[ 9.2592803  13.27098067 25.20561699],[39.96945454 41.02363324 65.69692104],[66.0396328  76.01662351 11.23296239],[11.18207333 18.71095492 16.89970646],[ 54.94839809  73.71320506 253.90013422],[ 7.39846892  6.80268223 38.834604  ],[0.99406265 0.97718669 0.89259497],[0.99311176 0.97590514 0.78109498],[0.99984246 0.99996097 0.90558982],[0.98600048 0.86549848 0.14499692],[0.9992625  0.99826138 0.91745848],[0.98631511 0.98330458 0.65710113],[0.96435116 0.94509309 0.98118884],[0.99892958 0.99656069 0.95944678],[0.97499345 0.95073014 0.22402107],[0.99952896 0.99954409 0.83160832],[19.23350013 13.39584159  6.76653545],[18.59958619 13.17780195  2.86395286],[35.01529071 41.07474764  6.59172745],[ 15.43444097   4.66598269 -16.75271569],[28.30787634 24.59140517  7.26304993],[15.60485654 14.78878308 -1.05790374],[11.24332798  9.43129399 14.28311049],[26.66897425 21.60754645 10.73541336],[ 12.84032025   9.6985596  -12.80026202],[30.2565839  30.39586181  3.50861897]
52,[26.00081989 43.61139073 15.03934034],[30.33430341 27.26950122 65.53035264],[ 8.56371231  8.04212922 40.94837168],[378.94234134 243.66082748 768.22819986],[6.54908524 4.73410777 6.32629724],[35.4243815  24.61302677 89.14355765],[ 7.1463359  13.37227034 14.76339647],[6.61241503 6.88985898 6.08786669],[419.5803376  133.88745954 417.05097463],[34.15151261  9.27676518 38.67184184],[0.99422498 0.98122387 0.96831555],[0.99216216 0.99274565 0.65275911],[0.99936913 0.99936266 0.81750572],[0.53645437 0.67859451 0.07652146],[0.9996308  0.99977892 0.99415029],[0.9893611  0.99403909 0.5473023 ],[0.99956056 0.99824083 0.9692735 ],[0.999628   0.99955441 0.99454342],[0.49783033 0.85950223 0.13993878],[0.99010509 0.99915221 0.83318443],[19.33968012 14.25746678 11.74842083],[18.00074044 18.33592161 -1.03585352],[28.98617959 28.94204456  3.04826385],[ -3.93204171  -0.68624879 -22.41680832],[31.3158081  33.5447027  19.27000472],[16.65337544 19.22616502 -3.70880266],[30.55775246 24.52536254 11.90927093],[31.23221888 30.28525884 19.60369391],[ -4.81688159   4.51466748 -17.11078622],[16.9712221  27.70153423  3.54509945]
53,[10.62312407 42.86734021 15.31914081],[12.97988769 59.42553006 27.40889178],[26.70226184  2.83531314 46.02510079],[ 12.84017029 500.52627447 819.63688483],[ 3.05165468 10.32888527  8.82636093],[ 40.97164729  59.44450269 136.56810652],[21.76202623  2.83891075  8.77748417],[ 6.90925485 11.65886019  8.67595887],[ 41.11012158 271.58983862 437.48317141],[ 9.20950659 25.76631438 42.24448984],[0.999028   0.98200096 0.9653981 ],[0.99854937 0.96464996 0.89107976],[0.99390923 0.99992075 0.78609072],[0.99858538 0.40980727 0.08011423],[0.99991993 0.998995   0.98901858],[0.98588785 0.96604577 0.39937573],[0.99596153 0.99992055 0.9888557 ],[0.99959766 0.99876814 0.98913981],[0.98579764 0.64236062 0.13783314],[0.99927123 0.99352339 0.8107638 ],[27.11437589 14.40693475 11.58830842],[25.37400228 11.57000422  6.53516706],[19.10845997 37.9974449   2.03310162],[ 25.4680053  -6.9390721 -22.9794333],[37.94871322 26.76839643 16.37736293],[15.38975246 11.56723154 -7.41398918],[20.88543438 37.9864307  16.42559548],[30.85079673 25.71634361 16.5266469 ],[ 15.36044575  -1.62880484 -17.52623045],[28.35469372 18.82841947  2.77759519]
54,[26.00262132 45.93472362 18.23359524],[28.16988598 48.71241529 24.46287965],[ 2.45347515  1.68549136 18.90284828],[ 42.8040684  232.60929763 222.59685617],[ 6.2565835   5.95981485 11.56176859],[22.16927642 37.5989599  32.76607783],[28.20858797 17.53345032  5.30841753],[ 7.22841872 13.91372137 12.8248239 ],[ 80.35585337 130.10422505 126.58574191],[11.49540418 18.74518996 19.07935642],[0.99423895 0.97931176 0.95231235],[0.99318649 0.97644972 0.9074039 ],[0.99994818 0.99997198 0.94988284],[0.984527   0.69921853 0.23451368],[0.99966296 0.99964967 0.98015893],[0.99576288 0.98598007 0.85268445],[0.99319589 0.99696846 0.9958609 ],[0.99956899 0.99811285 0.97597891],[0.94829651 0.86638469 0.37885964],[0.99886296 0.99655461 0.94899823],[19.33907835 13.80664335 10.07555039],[18.64371919 13.29667223  7.52284501],[39.84378772 42.51493487  9.76245161],[ 15.00971998  -0.2830759  -11.65738394],[31.71267607 31.54481014 14.03251113],[20.7243906  15.54594888  4.98450742],[18.63179403 22.17211776 20.79369509],[30.45855493 24.18059946 13.13196838],[ 9.53907062  4.7636375  -6.75469924],[26.42893606 21.59166858  9.68172216]
55,[28.52301313 89.19988817 15.61954704],[30.90801532 16.49502699 28.25246125],[12.98865681  2.58691001 10.79602682],[142.08575881  29.12310268  86.50698042],[9.5940687  2.72636859 9.36020807],[30.40262135 20.38543782 30.04570233],[34.43852626  3.80749307  2.84300196],[10.30459962  7.48674674  9.06961998],[100.93045148  32.85131689 108.94725739],[17.05048878  5.012167   14.80965407],[0.99302899 0.91871701 0.96385895],[0.99177026 0.99732727 0.88337121],[0.99855009 0.99993408 0.98315455],[0.86134295 0.99175438 0.55155423],[0.99920713 0.99992688 0.98729679],[0.99206812 0.99590688 0.88416697],[0.99014392 0.9998571  0.99880844],[0.99909599 0.9994567  0.98783809],[0.9220993  0.98955349 0.46485627],[0.99750496 0.99975259 0.96894986],[18.53551293  8.0421793  11.41962788],[17.83799859 22.70240489  6.27187083],[25.36813614 38.79383909 14.62771749],[ 4.58840995 17.76471267 -3.44802647],[27.99936449 38.3377741  15.86728653],[17.98120036 20.86306464  5.73734938],[16.89852981 35.43668306 26.2174534 ],[27.37879853 29.56360266 16.14121478],[ 7.55897665 16.71840983 -5.45132945],[23.0046843  33.04895484 11.8820983 ]
56,[51.51505659 45.69466375 23.64824046],[53.84227926 45.61212928 15.1821426 ],[ 5.39103257  3.81085234 15.74238935],[662.42928134  60.09441972 162.90975728],[25.78967317  7.0913465   6.11358099],[44.55934123 40.19326288 69.78177124],[6.91344125 2.58831093 8.07699858],[27.44216296  8.30380361  6.19130857],[362.46940711  61.97763765 207.02566766],[34.32492673  5.12843578 14.96694366],[0.97689003 0.97956605 0.91383224],[0.97508187 0.97964297 0.96540432],[0.99974982 0.99985679 0.96533993],[0.3445116  0.96612679 0.33510868],[0.99429363 0.99950472 0.99450561],[0.98301378 0.98398068 0.63888684],[0.99958866 0.99993393 0.9904951 ],[0.99350127 0.99931989 0.99439348],[0.55406187 0.9641147  0.27337818],[0.99000779 0.99974066 0.96851208],[13.40073735 13.85215578  7.81701993],[13.01695225 13.86785857 11.66633526],[33.00598186 35.42902307 11.35158359],[-8.78336945 11.47278258 -8.94594535],[19.4105042  30.03489137 19.56708318],[14.66064574 14.96640023 -1.58184319],[30.84553543 38.78913656 17.14799646],[18.87105419 28.66392412 19.45734759],[ -3.54600618  11.20476513 -11.02748729],[16.92722859 32.84976707 11.79033411]
57,[48.74804522 45.5293339  13.37469108],[24.92898083 45.35571946 21.87507934],[ 2.22159085  7.10734295 18.25544739],[ 25.09940855  60.47100698 176.71835565],[4.20697105 5.33449697 9.8562701 ],[41.02858504 40.92325063 21.62313803],[64.57215405 53.18799044  8.9176148 ],[4.03455815 3.57220021 4.40332383],[ 41.35505393  59.643797   107.32669823],[ 7.43545444  8.21600947 23.38608751],[0.97932647 0.97970626 0.9748338 ],[0.99469249 0.97984667 0.92725521],[0.9999575  0.99950214 0.9541422 ],[0.99463077 0.96569627 0.31784524],[0.99984802 0.99972035 0.98592219],[0.98584972 0.98359777 0.93443887],[0.96604409 0.97239439 0.98843755],[0.99986406 0.99988802 0.99713717],[0.98564276 0.96661411 0.47968603],[0.99952458 0.99933485 0.92792757],[13.88027687 13.88363957 12.76732139],[19.7053305  13.91682429  8.49400385],[40.70613941 30.01532006 10.06514697],[19.64615122 11.41852149 -9.65263665],[35.16003051 32.50759605 15.41874466],[15.37769018 14.81006303  8.59462217],[11.43851549 12.53319386 16.28802241],[35.52350139 35.99074966 22.41738407],[15.30884914 11.53815983 -5.3211588 ],[30.21327063 28.75624688  7.91384518]
58,[27.21129263 91.4802821   3.91884125],[30.1093774  31.6754326  22.53184612],[ 3.59703341  4.51594749 68.60534805],[ 70.67111023 119.40438972 254.92819992],[10.42271978  4.65347254  6.82816599],[34.44169798 35.77869669 28.78830147],[26.18515915  3.90793196  8.01049242],[10.82998416  6.47170031  5.51962879],[110.98441067  77.5911042  160.06168186],[11.88989049 12.49620781 26.99087808],[0.99365857 0.91430445 0.99784108],[0.99219181 0.99005995 0.9302113 ],[0.99988859 0.99979886 0.64628991],[0.95959334 0.8832731  0.21988518],[0.99906513 0.99978641 0.99318131],[0.98992565 0.98731232 0.89558351],[0.99418283 0.99984938 0.99065619],[0.99899809 0.99959122 0.995531  ],[0.9083177  0.94536876 0.34062415],[0.99878477 0.99846274 0.90707347],[18.94443752  7.8229156  23.42984317],[18.06538547 17.0350144   8.23706105],[36.52053154 33.95448784 -1.43416285],[ 10.65458269   5.50905964 -12.835361  ],[27.27979974 33.69392238 18.60691518],[16.89772989 15.97697517  6.10867575],[19.27831661 35.21052564 17.21981231],[26.94686454 30.82909754 20.45479916],[ 6.73418137  9.25322685 -8.79275093],[26.13586388 25.11390073  6.66865631]
59,[49.05766023 90.2605347  13.72741755],[36.60286312 28.21947616 34.65173963],[140.38953529   2.63545198   6.86143989],[296.01476122 171.92775787 173.38092785],[6.22228276 1.25578137 5.72445008],[36.07590674 28.77135782 39.09487224],[16.81213789 15.40936428  6.57184785],[5.68105273 6.58024112 5.62947749],[200.24075813 264.49680649 198.52103179],[20.1859814  27.00581747 14.32495509],[0.97905976 0.91663248 0.97336916],[0.98852801 0.99222918 0.84818857],[0.86428173 0.9999315  0.99309814],[0.63192257 0.79463851 0.31700473],[0.99966707 0.99998445 0.99516928],[0.98895144 0.99193079 0.82895807],[0.99757973 0.99766207 0.99366196],[0.99974023 0.99958778 0.99531221],[0.7695787  0.6482533  0.27953342],[0.99651066 0.99288351 0.97089879],[13.82528435  7.93950746 12.5412197 ],[16.36911982 18.03848655  4.49849574],[ 4.69272624 38.63236336 18.56469132],[-1.7868464   2.34254551 -9.48702987],[31.76042611 45.07118481 20.13832114],[16.49507586 17.87025834  3.45060062],[23.1269621  23.29377106 18.93924658],[32.55084456 30.68462935 20.28363484],[  1.60837135  -1.39894316 -10.66313389],[21.5384236  18.42031894 12.1711312 ]
60,[28.38800735 87.68947847 11.07888904],[25.36589234 28.96659023 12.57205459],[2.14333704 9.56871957 8.08008981],[ 36.88724992  93.70010581 302.2300958 ],[3.50017906 6.50168423 8.60010827],[ 35.39817763  40.75594017 106.61299048],[2.22603535 8.31642029 8.52503276],[6.79644091 8.70076389 7.70612349],[ 35.40492236  95.94019192 218.36245017],[ 5.18449645 15.08035768 23.84904069],[0.99309545 0.92135508 0.98550774],[0.99451514 0.99184421 0.97664672],[0.99996045 0.99909816 0.99047928],[0.98851312 0.92316541 0.17771214],[0.99989451 0.99958299 0.98967633],[0.98940628 0.98370146 0.4857817 ],[0.99995734 0.99931857 0.98942684],[0.99961633 0.99930023 0.99127099],[0.98940151 0.91970286 0.2652927 ],[0.99976866 0.99776391 0.92563025],[18.57672279  8.19051576 14.40307233],[19.55441807 17.81151798 13.30487142],[41.01761159 27.43238896 17.14467282],[ 16.30189541   7.61466387 -14.31375759],[36.75761572 30.78894804 16.60291821],[16.65980289 14.84564718 -5.26320592],[40.68877984 28.65073691 16.67907546],[30.99379006 28.25831783 17.5562773 ],[ 16.65814805   7.40945384 -11.49056259],[33.34528934 23.48123265  7.74357829]
61,[26.41049477 45.78577809  7.5248692 ],[32.34986165  8.95114176 15.16271777],[ 3.83527074 66.6414807  68.82778643],[149.41360681  47.30172932 105.81867911],[8.75122998 1.53867618 7.27262627],[31.66322569 55.50272885 46.02443478],[ 3.11521313 11.67281895 20.13019149],[7.95427143 9.21947954 6.06211153],[105.36839221  55.48265389 140.33530011],[15.3739474  10.32585318 21.32690129],[0.99403391 0.97949112 0.9933272 ],[0.99095688 0.99921002 0.96639434],[0.99987337 0.9588075  0.63678314],[0.84993669 0.97862016 0.47144693],[0.99934123 0.99997677 0.99219944],[0.99139928 0.97091591 0.77424529],[0.99991645 0.99866212 0.9432163 ],[0.99946343 0.99924865 0.99508834],[0.91626202 0.97091195 0.36747931],[0.99797106 0.99894988 0.93812377],[19.20389023 13.83485352 17.76301748],[17.44197242 28.0118968  11.67745556],[35.96350042 10.57457274 -1.46227946],[ 4.15161798 13.55192513 -5.19825014],[28.79803903 43.30652088 18.05917118],[17.62831784 12.16317878  2.03322731],[37.76966567 25.70595051  9.21603846],[29.62741284 27.75533741 19.64051814],[ 7.18521391 12.16632097 -7.65034197],[23.90371316 26.77094659  8.71444141]
62,[30.26751224 46.36131848 25.78648208],[31.80284449 48.70196732 51.23144115],[ 5.91784708  2.97219637 18.98688313],[101.30433229  53.30514199 153.04853541],[12.83831014 12.79282247 27.54395884],[38.74518769 41.67803031 50.02638043],[ 8.79482582 33.19465488 17.58671617],[15.98903928 18.21073788 22.40417514],[ 61.5176407   57.73740811 243.24704059],[10.40492954  4.89353425 27.8457526 ],[0.99212774 0.97887826 0.89900848],[0.99128405 0.97657591 0.71223174],[0.9996985  0.99991288 0.95079836],[0.92141314 0.97350148 0.36976138],[0.99857981 0.9983845  0.90361748],[0.98711385 0.98271949 0.74865635],[0.99933624 0.98910521 0.95540505],[0.99780586 0.99673701 0.93195698],[0.96861326 0.96888673 0.24469767],[0.99906808 0.99976398 0.90268873],[18.01988644 13.72634993  7.06515463],[17.59010166 13.2985354   1.10226513],[32.19614621 37.5879155   9.72392304],[ 7.5268606  12.51408341 -8.40358697],[25.46926371 24.91013804  6.49246937],[15.87506559 14.65132178  1.30901496],[28.75487611 16.62810235 10.38930149],[23.56297358 21.84291463  8.2864174 ],[ 11.85942755  11.82031982 -12.42795472],[27.2946381  33.25701285  6.39781738]
63,[ 6.50286294 47.78015163  5.22086743],[11.02610187 28.71015372 29.5798837 ],[12.22494782  4.56487772  3.22912191],[ 16.27293669 139.21711099 436.63964973],[2.44617488 2.86523336 2.33812354],[31.79496551 42.38850593 32.03097815],[ 6.12380864 19.82103458 25.46817069],[ 3.74434553 13.88093517  3.48547473],[ 54.92959775  74.03697267 230.03367955],[ 8.43969618 10.97777854 36.18055391],[0.99963595 0.97756447 0.9961585 ],[0.99895427 0.9918432  0.88550915],[0.99871564 0.99979461 0.99846335],[0.99772641 0.85098171 0.1311891 ],[0.9999485  0.9999191  0.99919247],[0.9914035  0.98254513 0.87394257],[0.99967809 0.99612244 0.91500243],[0.99990143 0.9981198  0.99823051],[0.97497168 0.95001431 0.24320826],[0.99938711 0.99881408 0.84885105],[31.37732896 13.46451503 20.93814327],[26.79098096 17.88875515  5.87306734],[25.89448069 33.86088253 25.11130775],[ 23.41010228   4.17561316 -17.50946681],[39.86967093 37.90626552 27.91564751],[17.59225381 14.50450332  5.18159256],[31.89898875 21.10693911  7.17304155],[36.1719026  24.20109098 24.44775781],[ 12.8432926    9.66049245 -11.94283194],[29.11288472 26.2391762   4.12349236]
64,[25.37792852 20.53367575 13.08505855],[19.83724692 35.32924508 19.03067167],[4.85740525 2.17410459 5.6731842 ],[454.04489232  18.7260708   67.15197583],[2.19099984 6.10770091 2.27363395],[33.73552265 22.46185619 19.33511722],[15.26429978 17.35896741  6.92209405],[10.46793284 13.65420901  5.02184657],[236.76010094  22.19039193  98.98353808],[27.74999838  3.36727091  8.86501593],[0.99451389 0.99588797 0.97513045],[0.99663579 0.98768999 0.94852611],[0.99979694 0.99995345 0.99528107],[0.46960081 0.99657543 0.66017493],[0.99995867 0.99963206 0.99923759],[0.990349   0.99508303 0.94837333],[0.99799788 0.99703327 0.99299729],[0.99907658 0.99821031 0.99629168],[0.71362737 0.99519921 0.51244144],[0.99343681 0.99988838 0.98864073],[19.55029758 20.80013151 12.95748318],[21.68979299 16.08677835  9.70391425],[33.91133421 40.30385684 20.21645889],[-5.50255492 21.60053228 -1.24817933],[40.82657407 31.33191026 28.15858566],[17.07767211 20.02055265  9.5660604 ],[23.96588324 22.25898774 18.48824667],[27.24220242 24.34413457 21.27572779],[ 0.15325064 20.12616604 -4.61826288],[18.77416173 36.50390433 16.33940618]
65,[28.07650879 57.40130585 16.66947689],[35.5629125  21.79710035 22.48546151],[38.55436665  1.40639169  2.85595522],[355.67792077  57.09746607 170.69113101],[13.03686746  4.06154824  8.40548605],[57.95780658 34.73781598 58.74867782],[7.90431613 1.358134   9.1218709 ],[14.15798754 10.80475672  7.31877205],[202.42412055  65.27713888 177.33765422],[25.84423253  6.73470494 19.23500418],[0.99320215 0.96720928 0.958469  ],[0.98905536 0.99530945 0.92324545],[0.98745675 0.99998049 0.9987992 ],[0.55989779 0.9692002  0.30840426],[0.99855927 0.9998386  0.9897185 ],[0.97219148 0.98811634 0.69219959],[0.9994625  0.99998181 0.98764757],[0.99827271 0.9988601  0.99206319],[0.7667855  0.96038885 0.30097847],[0.9943024  0.99955283 0.94910897],[18.67255889 11.87103005 10.85455716],[16.61947455 20.28149103  8.25496047],[15.91794951 44.08733964 26.17796872],[-3.38171716 11.9171288  -9.35122254],[25.33595597 34.87563319 16.80173995],[12.37718215 16.2334153  -0.08696535],[29.68213495 44.39061306 16.09131816],[24.61939045 26.37716565 18.00423217],[ 1.51417575 10.75424328 -9.6830226 ],[19.39214817 30.48309404  9.61115089]
66,[25.48114359 50.37843616 14.26238536],[ 8.40851881 35.83579109 53.55626377],[ 3.28578873 11.86120932 12.71526311],[  4.35336875 463.98186845 616.37115703],[2.0566028  2.10031099 3.44659507],[46.98128686 23.72608978 36.86563991],[5.49754264 2.95286049 4.22519437],[ 4.23976513 12.40763564  6.00350311],[ 47.00796895 236.23217845 314.35510266],[ 2.67115686 25.61358206 33.61975064],[0.9944586  0.97492228 0.97104151],[0.99939239 0.98756583 0.72518823],[0.99990709 0.99861514 0.97696472],[0.99983695 0.43647082 0.09476112],[0.99996363 0.99995665 0.99824329],[0.98152877 0.99448226 0.84239718],[0.99974596 0.99991402 0.99737565],[0.99985278 0.99861507 0.9946909 ],[0.98151265 0.68952133 0.18279647],[0.9999386  0.99359001 0.86601288],[19.51504267 13.00457186 12.20915326],[29.14503097 15.96312558  0.71679115],[37.30662827 25.5668861  13.20648956],[ 34.86291187  -6.28055469 -20.50384957],[41.37641251 40.60379341 24.54519133],[14.20092281 19.54494211  3.96056105],[32.83604884 37.64460693 22.77606273],[35.09258501 25.17568487 19.72490179],[ 14.19599123  -0.4173156  -14.6554137 ],[39.10543312 18.88005912  4.76110683]
67,[29.00353692 46.82651273 33.87841271],[38.4179524  35.57141798 28.96744971],[ 7.29465706  2.73082939 76.40727067],[237.72274087 177.48733312 103.78211656],[17.66985121  4.17999851 14.1038428 ],[41.1475242  39.34256237 28.05880358],[66.24072168 16.30945032 10.63152739],[16.01112638 16.12301819  7.213759  ],[180.35799504 208.89081081 121.67691132],[19.26570262 23.04589397 16.73153491],[0.99273916 0.97850605 0.82030199],[0.98723491 0.98744323 0.87802731],[0.99954195 0.99992645 0.59871595],[0.71102056 0.78646383 0.47850669],[0.99735131 0.99982827 0.97196478],[0.98559471 0.98476379 0.89684294],[0.96534261 0.99738595 0.98380696],[0.99779114 0.99743911 0.99229614],[0.80136062 0.7332452  0.42074772],[0.99681917 0.99480237 0.96085931],[18.39040172 13.63962918  4.6945355 ],[15.94873669 16.02744194  6.05479135],[30.37932339 38.32357415 -2.36969715],[ 0.11800639  2.06611822 -5.02945389],[22.69476312 34.62594297 12.30624741],[15.35254679 15.15221266  6.33161361],[11.21691986 22.80067902 14.76108333],[23.55098326 22.90053862 18.12976401],[ 2.516713    0.65107879 -6.41116695],[21.94372393 19.79759431 10.82228091]
68,[26.60683777 94.45266294  4.33445663],[12.50927887 42.02366607 16.03944255],[ 6.75603782  5.10061309 15.37829108],[ 50.88300973  76.37982531 155.90596574],[ 3.01094504 11.52564054  4.97543374],[22.10579974 39.27309001 35.31293698],[15.96631177 27.06209019  5.39123244],[ 4.30021875 17.27045844  3.39292734],[70.70246804 50.1142147  87.12296292],[13.36148582  8.11257153 16.33288608],[0.99395201 0.908593   0.9972931 ],[0.9986519  0.98254615 0.96231133],[0.99960742 0.99974339 0.96668148],[0.97839685 0.94749788 0.34920887],[0.99992195 0.9986889  0.99636838],[0.99580629 0.98496678 0.85333245],[0.99782692 0.992875   0.99572676],[0.9998556  0.99707315 0.99832727],[0.95946514 0.9762769  0.55302576],[0.99846598 0.99935242 0.96264861],[19.13955574  7.54518137 22.55430336],[25.69477548 14.57958676 11.18921118],[31.04557954 32.89701787 11.55483505],[13.50796513  9.38989229 -8.56425809],[38.0653644  25.81616409 21.35637765],[20.74929635 15.16756404  4.3343198 ],[23.57532887 18.40223876 20.65923546],[34.96961    22.30338818 24.68150541],[10.65072949 13.05024692 -3.50965615],[25.12232587 28.86629472 11.03173793]
69,[10.25422376 14.03126693  8.08970578],[31.44435139 46.02575201 18.24252817],[10.15912069  6.83859696  3.81301849],[131.31500425  51.1615228   71.94946768],[8.80661559 4.29924303 7.88603531],[26.58633436 50.89239283 25.07931272],[ 4.68156909 30.49555531  4.08961752],[10.08651938 11.07679593  7.74467791],[90.6100765  50.81011889 95.05269446],[16.27113378  7.45639125 11.4221793 ],[0.99909535 0.9980668  0.99031432],[0.99146814 0.97925116 0.94958851],[0.9991122  0.99953899 0.99786028],[0.87714578 0.97513012 0.63551678],[0.99933239 0.99981768 0.99093944],[0.9939043  0.97533496 0.91424079],[0.99981153 0.99089791 0.99754121],[0.9991433  0.99880175 0.99116006],[0.93558634 0.97544704 0.53201499],[0.99772612 0.99945199 0.98136926],[27.42136517 24.10752776 17.13434205],[17.68856816 13.78944764 10.07129607],[27.50229858 30.35012532 23.66761837],[ 5.27313393 12.87059625 -1.84755512],[28.74324017 34.38162558 17.35582224],[19.14625173 12.91640808  7.30668397],[34.23159223 17.36473458 23.05934274],[27.56459442 26.16118241 17.51292937],[ 8.49589103 12.93046128 -4.26629206],[23.41106465 29.59889174 14.13801712]
70,[35.57874985 51.50210031 22.56975149],[16.84688413 32.54657163 14.83431069],[9.46229925 6.95156978 8.39640513],[653.98576694  73.45676478  46.93679989],[2.10087996 4.01010309 9.21498217],[37.82326774 30.52253807 26.69290111],[11.70451087 22.78914658  7.47017937],[ 6.76943722 16.6037058   8.1560239 ],[331.42483842  96.63607588  50.77773689],[31.62876907  9.67583554  7.20201618],[0.98906371 0.97394208 0.92164624],[0.99755867 0.98959815 0.96726378],[0.99922986 0.99952373 0.98968353],[0.34526993 0.95082903 0.80218973],[0.999962   0.999842   0.98828695],[0.98789076 0.99077355 0.90865275],[0.99882383 0.99490046 0.99184892],[0.99962227 0.99733547 0.99019361],[0.58773468 0.91899333 0.7829636 ],[0.99149406 0.99907802 0.99271106],[16.61560729 12.81296669  8.22246104],[23.1090292  16.79936054 11.86764917],[28.11948739 30.20780777 16.81112888],[-8.67194496  9.72882956  1.86272706],[41.1913962  34.98635476 16.0031066 ],[16.08424003 17.35705262  6.76508103],[26.27235559 19.89490426 17.82637599],[31.02836967 22.64536491 17.06342679],[-2.76828009  7.34667978  1.17952977],[17.63777517 27.33569594 18.14391473]
71,[26.05329758 53.30681436  4.33656365],[26.11541922  4.85999047 14.93489772],[1.71588156 1.89658387 5.3754276 ],[ 26.22890074  48.34059242 112.23268104],[4.45059919 1.57011568 3.82024728],[36.2249429  30.18479564 23.57418098],[ 1.9329379  21.91652424  2.31106312],[7.08818501 5.52630587 4.49440227],[36.57145372 30.17552826 70.49955344],[ 7.19266599  7.67576602 15.35894102],[0.99422215 0.97176139 0.99729412],[0.99419049 0.99976705 0.96654359],[0.99997466 0.99996452 0.99575659],[0.99411235 0.97774022 0.46098437],[0.99983024 0.99997569 0.99784302],[0.98885868 0.99113031 0.92368387],[0.99996786 0.99529406 0.99921086],[0.99957943 0.99970427 0.99706716],[0.98862445 0.9911365  0.63917261],[0.99955456 0.99941929 0.96693183],[19.32216697 12.51381091 22.55008208],[19.30148094 33.31675714 11.80895153],[42.94967484 41.49002443 20.68473624],[19.26381918 13.36322613 -5.70939017],[34.67105129 43.13083248 23.65116707],[16.45926678 17.4537007   7.84426432],[41.91506292 20.2340319  28.01676045],[30.62872008 32.20076712 22.23955776],[16.37657649 17.45636787 -1.67073074],[30.50162311 29.34703095 11.56577113]
72,[29.29627118 45.11835052 13.18581221],[27.64163798 16.84053193 18.58579219],[ 2.31641748  3.40844924 23.65830722],[116.76074601  62.77320589 106.6362901 ],[6.63665705 3.14306653 5.68118959],[31.80419284 49.56456477 36.0636931 ],[ 2.43180265 10.29182577 10.58305582],[6.29486462 8.61901154 3.87666685],[ 69.83049409  67.75160427 136.31658484],[10.23497574 10.66014349 25.63249784],[0.99263739 0.98006382 0.97560291],[0.99344842 0.99720182 0.94757395],[0.99995381 0.99988543 0.92651069],[0.89923603 0.96323991 0.49519737],[0.99962068 0.9999026  0.99529215],[0.9913143  0.97634327 0.84922108],[0.99994911 0.99895668 0.98386094],[0.99967866 0.99927938 0.99782529],[0.96025147 0.9574548  0.39644738],[0.99909864 0.9988804  0.91534216],[18.30317403 13.96240122 12.89085886],[18.80814548 22.5223494   9.90937504],[40.34308429 36.39832888  7.81332324],[ 6.29348375 11.09397932 -5.26510396],[31.20043345 37.10239401 20.20421094],[17.58973341 13.14603956  4.15159261],[39.92085441 26.79961699 14.80077485],[31.65969308 28.34031625 23.52382698],[10.75851867 10.43107384 -7.39797736],[27.43768462 26.49420449  7.117178  ]
73,[ 8.51080034 18.54536419 12.84968527],[13.37212034 39.02523577 23.65923419],[6.01150887 8.52125094 9.66753574],[295.70141993 108.10169284  65.28091887],[2.30635567 3.45034669 2.3079349 ],[22.86977553 55.74002044 35.03762395],[106.13665468 143.45686924  20.01449959],[ 4.14375094 11.12244414  2.95554853],[156.20910158 385.68136076 246.97873787],[13.3723967  33.87721067 13.4621386 ],[0.99937615 0.99665478 0.97616628],[0.99846434 0.98529363 0.92607183],[0.999689   0.99928499 0.98648499],[0.63186014 0.90174123 0.66763718],[0.9999542  0.99988317 0.9992147 ],[0.99552233 0.97077989 0.85559153],[0.91501963 0.84283039 0.94563545],[0.99986554 0.99881014 0.99882331],[0.83914026 0.50494328 0.23013322],[0.99846392 0.98887745 0.9742947 ],[29.04001293 21.68475817 13.11514678],[25.11541545 15.22255479  7.81298292],[32.05975112 28.4393984  15.58668086],[-1.77764723  6.3728156  -1.00272859],[40.38089532 36.29221081 28.02852548],[20.45418293 12.12612303  4.40230364],[7.12211307 3.91503853 9.26610186],[35.29154809 26.12546083 25.8802347 ],[  3.76529428  -4.67510751 -12.56019475],[25.11523594 16.4513126  12.71071544]
