iteration,dKx,dKy,dKz,rmse_neubauer_x,rmse_neubauer_y,rmse_neubauer_z,rmse_B2_x,rmse_B2_y,rmse_B2_z,rmse_B1_x,rmse_B1_y,rmse_B1_z,rmse_B0_x,rmse_B0_y,rmse_B0_z,rmse_waicup_x,rmse_waicup_y,rmse_waicup_z,rmse_ramen_x,rmse_ramen_y,rmse_ramen_z,rmse_hog_x,rmse_hog_y,rmse_hog_z,rmse_ubss_x,rmse_ubss_y,rmse_ubss_z,snr_neubauer_x,snr_neubauer_y,snr_neubauer_z,snr_B2_x,snr_B2_y,snr_B2_z,snr_waicup_x,snr_waicup_y,snr_waicup_z,snr_hog_x,snr_hog_y,snr_hog_z,snr_ramen_x,snr_ramen_y,snr_ramen_z,snr_ubss_x,snr_ubss_y,snr_ubss_z
0,0.24048601722493526,1.4538590232055608,1.2714749048951444,0.18393708719893512,0.14029333755695633,0.27401080622337715,0.18393708719891935,0.1402933375569655,0.2740108062233762,0.3354309782555742,0.2283161348049224,0.5113793356751567,0.6738830636619747,0.3847477212446094,1.0585111520637611,7.7573359066957845,9.69596096169726,1.655733369019291,0.13875366424757007,0.047907583407456045,0.08869252261939692,0.17851674446631005,0.12896566073275878,0.12318184990860201,0.27813637073647324,0.19736377383176318,0.3783415309695383,62.34603487615924,64.108724557543,46.53764277473124,62.346034876159976,64.10872455754243,46.53764277473128,29.845169019953453,27.317648335420927,30.91318855562843,62.605841807783506,64.83998375018767,53.48206214701364,64.79453175328389,73.44138021278808,56.335256437048244,58.75426530251751,61.144116684590664,43.73531624726991
1,5.609261745783061,1.1670305041207658,1.0091593812338397,0.24333672980969742,0.4098105216236359,0.6346750929863575,0.24333672980969306,0.4098105216237386,0.634675092986407,0.44110562500813705,0.7404712299144949,1.0803802133749907,0.894756996013412,1.4375758311548366,1.9633106957040696,4.210825498031616,7.668232333887517,1.7219844343417345,0.18439554033310007,0.1641337605617874,0.398699962590222,0.23916954185884207,0.3981792392405872,0.6196183254014271,0.7781509417777135,120.94445823796903,0.823653044462083,59.91526762585751,54.797803411586045,39.24196747888128,59.91526762585767,54.79780341158388,39.24196747888058,35.15207609019373,29.35556024521358,30.57241215748232,60.06530353939368,55.04789325040051,39.450511511816316,62.324412705945214,62.745507100854205,43.280072686944266,49.81814402364029,5.397746031058409,36.9781104242563
2,0.4959737821648153,0.19409876037428034,1.31168491408688,0.15505918925100218,0.18641868478514442,0.27327040088600724,0.15505918925098577,0.18641868478519963,0.27327040088600585,0.2788725190996907,0.34299082120642954,0.4505592661374992,0.5505095100547475,0.6881738165199193,0.7994948798118509,3.937388197015743,5.00932384971604,1.8347357895214624,0.11943809214686944,0.022337648966426794,0.16909762807554005,0.15129991437501264,0.17961232208779151,0.2579845848000218,0.4138014053749761,0.7608228390109083,0.20759460984803,63.829470794354215,61.63967670783509,46.56114470714864,63.82947079435512,61.63967670783251,46.56114470714868,35.73525626998358,33.053883311043194,30.021525931851404,64.04264732686534,61.9627429483255,47.06112145324562,66.096563820983,80.0687162650653,50.73024626895566,55.303581745596794,49.423794677687326,48.94867512610816
3,0.8282100484336051,97.3761653179754,2.0634354879788983,0.24225207575756957,0.3481744808122144,0.7210145017194813,0.242252075757608,0.3481744808122242,0.7210145017195143,0.44918817675569195,0.6258783265494199,1.358660972272387,0.9574437161263659,1.2898357375088065,2.8177002750491793,6.49159610869591,9.274073393076224,1.8420715239105996,0.18049340714661077,0.1705547119911423,0.22213536592407707,0.23057231405017783,0.31809930196773717,0.7190592854852017,2.884747264490673,2.429100302087356,2.783548139933686,59.954070831173915,56.21352676724583,38.134116590301026,59.954070831172515,56.2135267672456,38.134116590300636,31.392391146744853,27.704054930645448,29.9868668059138,60.38327780736501,56.99821117844195,38.157702607928435,62.510194109188205,62.412191053293654,48.360642433326205,38.43726556779314,39.3405565403162,26.40102185335957
4,0.31734506714064487,1.1174861143714925,0.9413927595157895,0.16691687026061192,0.41168275775073876,0.42422266473760306,0.16691687026061763,0.4116827577507308,0.4242226647375835,0.280209663362981,0.764439696865893,0.7241059071597266,0.4909497650699465,1.5884398595355411,1.3612620678246519,4.44237366169554,4.959914014393043,2.523178128517436,0.1443333218365065,0.1395817658375978,0.25283329851265596,0.15464654232981784,0.4040978945842158,0.40735820212601376,4.137611503341121,0.6424784997356751,1.361663637949952,63.1894163123468,54.758211938495414,42.74111923239916,63.18941631234648,54.758211938495585,42.74111923239957,34.687119259897386,33.139982548841274,27.254038356446717,63.85261668655036,54.91973374635372,43.09346728078778,64.4520888309327,64.15289173544798,47.236311173375604,35.30442675928229,50.89229352502544,32.61159978202543
5,5.37991116429449,1.956771299594654,4.572245952462135,0.2523227197719421,0.35077065264626084,1.0982766352149174,0.2523227197719376,0.35077065264627455,1.0982766352149145,0.4809930784613278,0.7047621789543738,1.993237421769731,1.0323496337017857,1.638101244397712,3.9394492119103646,4.51209462597142,8.073102404751252,2.35262410693111,0.176909024758187,0.22286328770964964,0.4399853930099436,0.2481664624505912,0.3421486109849908,1.080306316783777,0.3804930317402669,1.0783549318154797,1.3820741937451784,59.600293826833806,56.14900048425121,34.47876169520631,59.60029382683393,56.149000484250855,34.47876169520632,34.55185699306998,28.908656272295538,27.861945728263002,59.74455917197616,56.36516987566935,34.622058274964914,62.68442120413306,60.08869484040144,42.42423141186205,56.03248681948277,46.39423092240344,32.48236942821065
6,17.146489542251462,7.327738538007877,0.1693075117735755,0.321086891437583,0.14232524916177994,0.5971555276090637,0.3210868914376341,0.14232524916173708,0.5971555276090437,0.5506209408277437,0.26748868569628886,1.074644113216377,1.0105373248804597,0.5756820660832392,2.113884221203293,2.6844205485128305,6.356089020545204,2.0684402147107,0.2665397015396949,0.06448082440030412,0.24112933318095534,0.30960862283728413,0.10071441203275662,0.5337727407070485,0.8918283795551205,0.2258684383045412,0.7563697307685432,57.50696945975279,63.983826444783475,39.77124745052908,57.50696945975142,63.98382644478609,39.77124745052937,39.06240988046075,30.98566607817494,28.980137130088444,57.82316001946985,66.98763306682203,40.74586876540237,59.124182830154766,70.86085387293028,47.64799568219418,48.633795206706836,59.97235451883263,37.71831377622024
7,3.4161592190950483,2.6281384463705457,0.40283767368935525,0.08045635394101656,0.16114768394648105,0.4379223735730261,0.0804563539411124,0.16114768394646584,0.43792237357301433,0.130019056771725,0.29981973344820745,0.761612874140521,0.22327261661028064,0.6345732544659972,1.4137043274019865,4.867558765867776,5.698373174935527,2.6353134827972937,0.07121036492812896,0.08800724859196209,0.22173383374589928,0.07838089484922095,0.15331221740937268,0.4252047140979171,0.14399763488325298,0.31900535542130604,0.6124514893519515,69.52821401855766,62.90498413827035,42.465053905560346,69.52821401854735,62.904984138271175,42.46505390556058,33.89319690281682,31.934447762383662,26.876350905794574,69.75521662434603,63.33793019954835,42.72103517018066,70.58855674408878,68.15909662700332,48.376357266163154,64.47231379171704,56.97350602044884,39.55156268336221
8,0.478724012390237,26.15469256974422,3.353919044505007,0.2100851909976816,0.25542271198331085,0.4807247061343215,0.21008519099766493,0.2554227119833341,0.4807247061343209,0.35997696937691925,0.4653360098399695,0.8087320472603207,0.6591184118308664,0.9351647550325606,1.4536036408404305,3.230377917973379,4.646296073465886,4.243551162272664,0.17478601207662442,0.08863734087267157,0.28102501699385257,0.19987728163909,0.25080662179975294,0.46780960542641103,0.190465155376627,0.2538644482547078,0.8150035910196224,61.191512174416644,58.90427526517694,41.65506773272185,61.19151217441733,58.90427526517614,41.655067732721854,37.454354314032166,33.707327887157504,22.738407733095837,61.62415228491814,59.06268552925194,41.89161388854405,62.78928749970446,68.09713112621566,46.318096930246284,62.04311026513015,58.95742778920408,37.06980613907394
9,1.3554265687672593,0.9242660490037573,0.4480399975346722,0.20794771012766203,0.22204535791162763,0.933549883660651,0.2079477101275308,0.22204535791159696,0.9335498836606281,0.38330033763573496,0.3907808663522576,1.6582842231300758,0.8064016849587311,0.7584865201937341,3.236734115392703,4.6546702845966355,11.45849855247674,1.8713152751458098,0.15426125407755822,0.061438006512014164,0.4070610734381698,0.20407103441323127,0.2196485287549829,0.9059192958726497,0.4639971458352724,0.11758623837321602,1.2997046759185078,61.280338124207404,60.12063153586062,35.890246001957124,61.28033812421289,60.120631535861826,35.89024600195732,34.281642512011686,25.86691121602549,29.850057332033128,61.44379365421137,60.2148995278424,36.1512063826204,63.874283818375865,71.28072318771675,43.09980511483189,54.30911478959433,65.64233555342898,33.01610295736309
10,2.4864732455421925,0.3230119786029403,0.7434372298605596,0.2358480908851275,0.3763770035612973,0.8131741226258755,0.23584809088509093,0.3763770035612494,0.8131741226258486,0.42601940892485074,0.7077459473898092,1.3754068109938977,0.8497302120734846,1.4268850556421353,2.487523498983426,3.655128196627659,6.263353487400286,1.2339617371048242,0.1795619468462816,0.05813543634132336,0.4576734010138507,0.2283131383864494,0.36077636390139795,0.7282724445207281,0.30966380464625093,0.46870996647131724,0.6246076859646811,60.18677366931481,55.53700389243836,37.08932558970732,60.18677366931616,55.537003892439465,37.08932558970759,36.381368699555615,31.113327043518968,33.46696272062172,60.468802893961914,55.90470395647844,38.04711902593346,62.55513486249191,71.76064677133604,42.08188312706666,57.82161206389259,53.63138173458877,39.380850104463356
11,0.9537879903715907,0.7848968532180619,0.49711620374935217,0.11612713888540235,0.45740755242752146,0.3326170545411866,0.11612713888546657,0.4574075524275315,0.3326170545411939,0.21492206869496694,0.8682276462848291,0.6013001347213283,0.4343475023956169,1.871304818834395,1.1986300409322979,3.712392528935623,5.43811356395973,2.051378044397706,0.0871566870273437,0.12350440838221681,0.13805727109989294,0.11326324908566164,0.44442491106934556,0.3171123814397733,42.22064993175335,0.8237297384763768,0.4789716803669115,66.34074644934172,53.84339887784856,44.85410631752188,66.34074644933692,53.84339887784839,44.85410631752168,36.246343171779316,32.34050004633416,29.05208252491772,66.55764065768612,54.093497616708426,45.26873260331542,68.83340669928877,65.21581630771874,52.49181089153275,15.128922683348291,48.73377059514969,41.68679986279508
12,0.5128279062269097,0.5211983436313754,0.3174639328517659,0.2699018659828933,0.2807760908466663,0.7971142734669727,0.2699018659828976,0.2807760908466369,0.7971142734669917,0.4699051436470245,0.5236883887675218,1.420872469043805,0.891643831489999,1.0978141505444354,2.770650591578332,1.590903195212686,4.683663712036519,1.420914193552018,0.21832133052796643,0.07533627795236934,0.3389965642341813,0.25955454891386404,0.2703380977385942,0.7714216037119647,0.494478978117006,0.25836437909652554,2.0193754260945096,59.015303229973014,58.08226303635986,37.262584867977466,59.01530322997286,58.08226303636076,37.26258486797726,43.60654588997893,33.63775139859341,32.24163953603927,59.354848078512234,58.41132043020073,37.54716064229197,60.85749758343092,69.50938230563979,44.6890906530973,53.756464310172916,58.80481276196826,29.188655245215994
13,0.6009050718175083,1.1763197246372032,1.3801632359699092,0.406584926193367,0.27240166677453975,0.74294925540016,0.4065849261933438,0.27240166677451205,0.7429492554001638,0.7627188713428337,0.49838458473701575,1.3667469891740673,1.5974958636805918,1.0390017160292806,2.773213735277074,3.970198699126636,8.520477955670978,2.398373011639526,0.2903192598835197,0.11448853473794415,0.2615344150224944,0.3854601736192561,0.26302087735080626,0.697537984381111,0.6616872695972535,0.5991697897915286,0.0692179921824252,55.45639550204435,58.34527028812444,37.87381354962004,55.456395502044856,58.34527028812531,37.87381354961998,35.663176117203975,28.440186356997206,27.694662014959313,55.91983071807607,58.649661058509544,38.42163934390912,58.38190401096239,65.87422555718894,46.942419679379995,51.2263653877295,51.49846733909433,58.488616635399694
14,0.318392761106001,0.8490486715475208,0.6476893860783636,0.3743178911310976,0.27798418195721325,1.04860416787994,0.3743178911311027,0.2779841819571921,1.048604167879943,0.7190811352292913,0.5658224297083659,1.8453814968530198,1.5372940041386276,1.2928671533959197,3.498311213781635,2.8768058493665873,6.887969914624782,1.1412483288319886,0.2607372994836226,0.14390509272071636,0.49583464844697617,0.35599427411134354,0.26429753900816594,0.956732500794295,0.07583009224277903,0.37618988690929056,0.1545426485509445,56.17460926333277,58.16906381833411,34.880764993830496,56.17460926333265,58.16906381833478,34.880764993830454,38.46120990976388,30.28764066978653,34.145393493381995,56.610560716875455,58.60760311559371,35.67718603589732,59.31535770922771,63.88794222748029,41.38625915376644,70.04258928613113,55.541323175263166,51.512029567022296
15,0.14263230695136234,0.7885570361791012,1.0775823734316397,0.19572912197607298,0.25304783244985246,0.2533278789370937,0.19572912197606745,0.25304783244986034,0.2533278789371037,0.3499063358087037,0.4012466819125621,0.46645047768037007,0.6770973999690822,0.6391972918809413,0.9284327318171428,6.703144941484075,2.9908986529257713,2.8465771180323145,0.15422839829789362,0.12219347145830739,0.1262979983682019,0.19014898824391657,0.24679160002060024,0.2477125026333665,0.311656672673338,15.166418773331936,0.26846365467813554,61.80631201375419,58.98541306856545,47.219336847637535,61.80631201375444,58.98541306856518,47.2193368476372,31.11384876764021,37.5334315575585,26.206537505317996,62.05754059305981,59.20285802746346,47.414038045114644,63.876134004759884,65.30850543882137,53.265067231185306,57.76589237738872,23.431804630363636,46.71528662368136
16,0.6260930913696511,0.4036367349141377,0.3909207042557776,0.42409062196872066,0.5469458578407076,0.8019137499424179,0.42409062196870595,0.5469458578407248,0.8019137499424295,0.7480990094403568,0.923489353812534,1.5557013592529796,1.4191565670887454,1.620188217891968,3.4104100631124084,2.24706673813635,8.702048787628934,2.5605772537089795,0.3408570993013644,0.13787689585225313,0.19894511377616514,0.4122946106631893,0.5348624315840308,0.7594260315023612,0.19730473859867056,1.3143861113592232,1.3815136231630858,55.090247593857214,52.29057874724163,37.21044338256942,55.09024759385753,52.29057874724134,37.210443382569295,40.60710154761638,28.25703522412233,27.126238920839988,55.3352678131579,52.48462361277228,37.68328699027657,56.987974095243445,64.25963555682684,49.31833104413812,61.73667065822254,44.675006272043106,32.48589314780979
17,0.6037649836322024,0.8808408369174106,2.0824624828962723,0.2919568267057535,0.49274555002616405,0.5138321639332452,0.2919568267057545,0.49274555002616327,0.5138321639332448,0.5570810591778482,0.9182549677970782,0.9441243925185916,1.1894456973151404,1.8763857986463501,1.9493485445871206,2.107340984110982,3.916300124403854,1.2712884762277055,0.20442999531643025,0.07419667952354406,0.23877328157978683,0.2830231754056902,0.4719493904267142,0.49132095111941243,0.5937106801785185,1.5067640171921275,0.4723564421701667,58.3330482790485,53.197011283113824,41.07657086602066,58.33304827904844,53.19701128311384,41.076570866020646,41.16472470156324,35.19194617193099,33.20811437949674,58.602980986428534,53.57155691066196,41.46569090716313,61.42852859799283,69.64177610020131,47.733282021452126,52.16792374255255,43.488560693766246,41.8075997292038
18,0.2570277350457135,0.5890920789446555,12.475647234274511,0.479303852240194,0.2066416953788557,0.47249775038176056,0.4793038522401323,0.20664169537874524,0.47249775038176123,0.8777747502419297,0.4014142678416948,0.8296941001272241,1.7627573840902295,0.8751764362987471,1.576847940482145,2.926633672124959,4.9083608190296495,1.1273122041851744,0.36123352016827504,0.0771222829142466,0.2294731467667327,0.46820425200904836,0.19656119017757856,0.4328670413070225,0.9866594030157027,0.32975460077323265,0.11985406123226366,54.02720258176201,60.7451063739908,41.805001682754565,54.02720258176312,60.74510637399544,41.80500168275455,38.31205367120542,33.23073588650806,34.252112411966145,54.23071390303274,61.17951003778366,42.565906191339906,56.483660106310495,69.30586796572948,48.0783591618843,47.75607578904011,56.68564822870481,53.71994149308786
19,0.266092421493077,0.4576968508763958,1.1605613721736412,0.11242881337250123,0.3781125763439788,0.19700611322144782,0.11242881337244608,0.37811257634403517,0.1970061132214243,0.19416056226733214,0.6699191903721103,0.30457603710575815,0.362007117708731,1.2728637791287105,0.4998905812677225,7.565801941109644,7.291918829451467,2.13848720980799,0.09202681854881758,0.04148358063849115,0.16488516090980387,0.10658114011120078,0.3646408939221267,0.1913737061894321,15.755400290777779,0.11939209202629873,11.828890700390078,66.62186843300634,55.49704304833769,49.40340252926304,66.6218684330106,55.4970430483364,49.403402529264085,30.062321610366777,29.79262898786981,28.690863443088226,67.08581373913994,55.81215805009714,49.655351233131725,68.36113280515261,74.69194079467601,50.94936513695195,23.69083214001431,65.50995425820712,13.83411620707664
20,1.139908748449524,0.5323788990620991,1.2162171431505646,0.3461797164621673,0.5922009770324355,0.6890819680193602,0.346179716462155,0.5922009770324755,0.6890819680193551,0.6603294188481132,1.1066216263472535,1.235715324104266,1.414946172854433,2.292374553829662,2.4360467767012297,3.1270313341901192,6.847067968012304,1.630388499211405,0.24200640247361085,0.14302911126140297,0.3365969997740042,0.33388560583818755,0.5751268230253779,0.649343284699936,0.4283592088079285,1.1342844452742045,0.3099258497265387,56.85338861409705,51.600083109085524,38.527578877347835,56.853388614097355,51.60008310908494,38.5275788773479,37.736776310114564,30.33937272141727,31.04717452215255,57.16746704047048,51.85419304256813,39.04350951404498,59.96288385690488,63.940976698890495,44.75079177292723,55.00325881691799,45.95502596973877,45.467840573457224
21,1.3294364675123744,1.8899323823607244,1.6569053508922122,0.21448242764562836,0.2554736807563559,0.8866662136186803,0.2144824276455571,0.25547368075623017,0.8866662136186777,0.40211318848574135,0.4957455761310357,1.5859597676941573,0.8455328963354583,1.1048416504266363,3.0662839766346996,5.369525342953762,7.8399012556574945,2.4734454214510464,0.15865152789714715,0.1567486390673111,0.387967540189215,0.20971998792453117,0.24112630701139728,0.8659501345086388,0.1659248977822262,0.5784192662359013,1.0302170017813121,61.01158663937626,58.902542197003356,36.3377933850841,61.01158663937916,58.90254219700764,36.337793385084126,33.0407030419038,29.163253645699527,27.42694995017475,61.20662449102605,59.40457360589032,36.54313890492871,63.63053579294578,63.14538992320977,43.51708875921405,63.24118979638034,51.80461049655746,35.0344223289611
22,3.7733452665180187,1.8171705599716124,4.508548845766236,0.10027474270258714,0.38566347224233083,0.846206006604531,0.10027474270260689,0.38566347224238867,0.8462060066045469,0.17364824972356693,0.6621475497172752,1.5393445866526787,0.33761759037653055,1.3421605105236112,2.987285058159512,5.846665388558146,6.09438173497242,3.32696272964971,0.08625233955406912,0.2776299636938072,0.35783271919904347,0.09893926393549467,0.3521539714633459,0.8096189886683952,0.39437633262149147,50.184155531906505,1.0287614536951517,67.61558984596908,55.325295360120215,36.74347451022644,67.61558984596738,55.32529536011889,36.74347451022628,32.30125618430377,31.35087242589695,24.852037871088925,67.73204747012092,56.114813689028864,37.12738287549355,68.92400329296959,58.180138774523215,44.21939561138788,55.72120408977444,13.038133090286987,35.046702916076235
23,0.8467631419819653,883.3945017299737,1.7825414124203187,0.2289791909614167,0.13209158859310344,0.6057731295748499,0.22897919096151753,0.1320915885931604,0.6057731295748823,0.4152603827613444,0.2899913825929287,1.049942072996416,0.8220901194980714,0.7292705108426374,1.9113177125825234,1.783331160097639,6.5594666205307295,1.0470484497255452,0.17836513259971287,0.1481929197671455,0.32252123237850466,0.22050593868884244,0.12979901893509305,0.5768442899490294,45.3024785949555,0.31946231884053,0.6005731431686502,60.44350064033093,64.63196223578252,39.64679647882529,60.443500640327095,64.6319622357788,39.646796478824825,42.61478101065509,30.712094972602046,34.89366102303472,60.77101516322571,64.78403730178415,40.071824625105236,62.613221751148124,63.632916404552375,45.121830373136405,14.51698169498183,56.96107270654508,39.72167844067661
24,0.6909441308796669,0.7396420229676419,8.192286368191544,0.10328046529238552,0.37496825143875673,0.5365876265857937,0.10328046529235971,0.37496825143882095,0.5365876265857928,0.17009204451436247,0.6334859626420465,0.9631198908589482,0.2960827568256122,1.1551787129697642,1.8757302264483253,2.4196168892724716,4.257987459201746,1.7961193878033201,0.09081680952316278,0.14077063183911337,0.24398680591089839,0.10042157206170729,0.36093936140539434,0.4628112530548253,4.523631277405423,0.4700220227470744,0.19572707327921562,67.35905725537854,55.5695755490006,40.700183507988825,67.35905725538072,55.569575548999126,40.70018350798883,39.96448882606318,34.465377940378744,30.20629256952191,67.60288065558879,55.90078058802347,41.9849183834004,68.47609615825218,64.07922430211197,47.545669753099695,34.52967700738402,53.60710135730934,49.45997854290843
25,0.36993584008830827,0.8278459498011542,0.871118693147095,0.3076699863791716,0.2548184345462858,0.47959920374918696,0.30766998637911785,0.25481843454627817,0.47959920374916415,0.5722977709200276,0.4174124947458481,0.880993629017292,1.1835657451143873,0.6973008115446562,1.7883317933252196,4.059591892936116,7.194928374209911,2.230066305067994,0.22572738077154186,0.0981239320848338,0.19631575382920458,0.2677502794623108,0.2474451830468892,0.4595085522687412,0.3827849977635436,34.78416518748213,0.9399323492158748,57.877718325672014,58.92484863374331,41.67542751733226,57.87771832567354,58.924848633743565,41.675427517332665,35.46977344085304,29.908936002910455,28.32664106865812,59.08482231582128,59.179885421864796,42.047124609449476,60.56773612631147,67.2139666362518,49.43389354515471,55.98032280323251,16.221833803543234,35.83106464979212
26,4.470822796679126,2.21861118965953,0.6839869352748262,0.31644944093174193,0.43844882182183487,0.50556822643151,0.3164494409316943,0.43844882182177397,0.5055682264314998,0.5723237751870706,0.8031070132795921,0.9076431095557213,1.1410864575956572,1.6362307048188414,1.793997801495942,3.188970143440631,7.563459153268756,2.811560102154128,0.24190628980389697,0.09266255203115764,0.2237315533901533,0.3073764346750222,0.4267896996294739,0.4810014810523339,0.752810294821687,0.1939972376664571,0.724811987307754,57.63333431678976,54.21108735242904,41.21740114676575,57.63333431679104,54.21108735243025,41.21740114676592,37.56641190766393,29.47505618408638,26.31404914979364,57.8860095954417,54.44518691274694,41.65006831294761,59.96647775980015,67.71138036059551,48.29845182531805,50.10570998137212,61.29355457963157,38.088489238995194
27,0.53683774851159,1.2404225118117986,0.3140965151960724,0.20008940409756384,0.2834600183299187,0.35786681996899034,0.20008940409757497,0.2834600183299197,0.35786681996898995,0.3674250806645816,0.5591151844567808,0.6339393964326768,0.747474831100675,1.2491847242536525,1.188819979611838,6.860312132986031,8.133106421745216,2.357154088515469,0.14915232541761655,0.11030039867511218,0.1708244792052223,0.19450664108011637,0.26929016195555905,0.34322012600894475,0.27636467262588005,0.3886894598563875,0.14695646629935977,61.61493915541257,57.99962928298761,44.21856790224922,61.61493915541209,57.99962928298757,44.21856790224922,30.912543454831397,28.844336398762817,27.845237114564092,61.86073228932706,58.44505575016547,44.58154165677465,64.16682039596081,66.19792385686476,50.641994478048474,58.809770433885916,55.25741022102822,51.94922257677661
28,0.6955622978312729,3.3907601586756058,0.1421420160353604,0.26678965828126494,0.12697870963888994,0.47899660106656633,0.26678965828124457,0.12697870963889774,0.4789966010665737,0.4388206870922751,0.25438136291510355,0.8334540189148147,0.7594417364617773,0.5687537871314728,1.550902021499101,4.160897502180249,8.525717338635049,2.1450193359271723,0.2318090064188267,0.061221477323558766,0.23608758320348813,0.2551353632107846,0.11332253177395073,0.4641005111616172,0.058322417308939785,0.1779413903789699,0.49179612863429145,59.11604115638209,64.97484731145845,41.68634795128371,59.11604115638275,64.9748473114579,41.686347951283565,35.25568061783601,28.434846901142684,28.664372356896223,59.50400780244769,65.96314012712683,41.960755650151036,60.336814861874274,71.31138939515797,47.83153365751937,72.3227106510725,62.0439259066619,41.4572944712571
29,0.16133276997019716,1.8163012667040355,2.0919910667019868,0.35630505479430835,0.16211310563266962,0.5704302755762215,0.3563050547943068,0.162113105632665,0.5704302755762249,0.6412893992631731,0.3084669811148818,1.0657613917616622,1.2647723058118652,0.6856786807297515,2.222882446784127,2.902953793036688,6.57852130135477,1.635831411239056,0.2745483193780489,0.08837104813802903,0.1768964522900766,0.3437531127496618,0.14887213466385318,0.5471175208270028,0.6598547561477813,0.25320349341200343,0.7502333632775579,56.60298129969612,62.85310298582752,40.16894523265957,56.602981299696154,62.85310298582778,40.168945232659524,38.38261850924471,30.68689979480782,31.018225720026543,56.914488182233605,63.59319718597848,40.53138412929102,58.86704518052818,68.12326537965306,50.33861412330813,51.25045394408869,58.98007163472916,37.78906911417529
30,2.1776065357635765,1.4921545690858569,0.916230134866254,0.3080628764364658,0.4271636944930499,0.492922741599491,0.3080628764364754,0.427163694493046,0.49292274159949234,0.5230482779558309,0.8168869964585221,0.8511734289286413,0.962248453399743,1.7678304222161654,1.5847814827942637,1.8851373159822742,5.394168485344902,1.5664905079066058,0.2594347688127973,0.1155084448843875,0.25198101586185434,0.2945786227438101,0.41950301473386853,0.4783975184792637,0.9046228252924788,0.17431687335937945,0.10654749777204464,57.866633648056805,54.437578819986186,41.43741947861504,57.86663364805654,54.43757881998626,41.43741947861503,42.13256116576488,32.41097535251663,31.394441232525082,58.255396424471556,54.594763776269915,41.6972182205079,59.35885739709217,65.79719076259582,47.26564013599874,48.51007013985107,62.222676949024574,54.74213148665561
31,0.17961904584946495,3.1087641519157514,1.219996247276493,0.215809830719642,0.3514820030037298,0.3712286214927764,0.21580983071955423,0.35148200300366,0.371228621492813,0.36928004189426067,0.6222254149290097,0.6251809916436697,0.678402273975727,1.1897035419167532,1.1258621326031146,1.9542061764093945,5.72417200040295,2.2300558229447427,0.17855652303272182,0.08024302444902474,0.22179766987339986,0.20904420670774984,0.34254665917587873,0.3629712821452032,0.2668607521095169,0.505998798097767,0.4546794292282645,60.957996490093606,56.13140364709427,43.9001675318293,60.95799649009713,56.13140364709601,43.90016753182843,41.82001334034126,31.89521200040589,28.326681895596543,61.23465824481407,56.35507077553865,44.09555127451902,62.603906562159196,68.96131971314803,48.37385699929284,59.11372685796585,52.966475795255825,42.13889046238005
32,0.29574502982277306,1.1340148568227328,0.8188294803128496,0.15377975149175713,0.43775067109259835,0.44242359439266116,0.15377975149178372,0.43775067109258925,0.4424235943926807,0.2535509635975427,0.7927688059266063,0.8028267002940824,0.4280682478782023,1.565430928468601,1.6905474065265134,4.712273134585178,9.164513021387874,3.274775363823112,0.13682921428684292,0.09511550612491773,0.23834615073944412,0.1505450893894795,0.4226506748797362,0.42354636572732374,2.429481646087832,0.7461787596406618,2.419689756487613,63.90143787677274,54.224929089424414,42.376230989552404,63.901437876771226,54.2249290894246,42.37623098955203,34.174811866691655,27.80727764799785,24.98936629466283,64.08608909403314,54.52983416473529,42.75497739329118,64.915844309285,67.48443903643357,47.7488337348389,39.929148522465105,49.59260785109399,27.617802866276424
33,0.28110724892731676,0.7352260940499349,1.2662577247606395,0.41183758448688473,0.34811688218307163,0.6603401652665142,0.41183758448682867,0.3481168821830274,0.660340165266488,0.753871682296695,0.6478697517377795,1.2431959135561934,1.53247999954913,1.3471598275535457,2.6294294858474085,3.1543572349634887,7.139223527663815,1.9516688251574559,0.307708486533803,0.08859850205817874,0.20239024548713824,0.4049953366163759,0.3195117072353201,0.6411256939936423,2.0661567231976914,0.6911045109455228,0.6095264359557582,55.344901411649445,56.21496379594895,38.897642303435525,55.344901411650646,56.214963795950055,38.897642303435866,37.66120344813679,29.976445903525782,29.484874085071194,55.490420521932144,56.959729984838425,39.15413294158116,57.876631488516225,68.10093791446096,49.16920504172617,41.336155756441705,50.258590946723146,39.59314565959115
34,1.2257684522870078,1.3460875251530169,0.9545797351847807,0.3323800597357914,0.5939703770310404,0.7838477405480342,0.3323800597357952,0.5939703770310404,0.7838477405480295,0.6382102793981737,1.1450314783206499,1.428859538674737,1.3784652692140946,2.5106224899329317,2.858724824111973,4.2687658838431135,5.248282754071161,1.6046573820958712,0.22643333904370855,0.185803281999596,0.29511110466399365,0.3115194262680045,0.5664887118679031,0.7763403083483541,0.11809921045709892,0.8339572119611521,1.010808800258284,57.206721740881704,51.574169779683174,37.40836236879983,57.206721740881605,51.574169779683174,37.408362368799864,35.03337423144488,32.64912100346721,31.185350217350933,57.76971828518988,51.98564029401332,37.491953870335976,60.54061355526596,61.668397879746806,45.89328554982274,66.19448108809648,48.62659012522219,35.19961629921048
35,0.588606116577279,1.012933621576414,0.6337646185384893,0.4430593018369947,0.41547584901310836,0.3786643574203589,0.4430593018369647,0.41547584901308116,0.37866435742033727,0.8098621372717477,0.760280087526309,0.6528339113084205,1.6378357124439302,1.5398014013057228,1.1814136766238468,2.0849151415960354,8.608184931927669,1.4715294960054264,0.1177179987064989,0.2892620326542907,0.16623876307882643,0.4206111120262249,0.40151099670579815,0.34665868159096447,0.13038934686585024,0.1816334389433951,0.6101845111764271,54.71018379549348,54.67854982106468,43.72790802195208,54.71018379549405,54.67854982106524,43.72790802195255,41.25765330387571,28.35123373069696,31.937617150826743,55.16180613121839,54.97551661307639,44.494954965594246,66.22256356851,57.823636826832384,50.8783506091913,65.3345787736287,61.86554938635881,39.583772997472565
36,1.2127823796769936,10.9292234570751,2.028703693518543,0.53084168070941,0.4665924506431299,0.25556032182825267,0.5308416807093975,0.4665924506432116,0.25556032182827826,0.9732379637836073,0.7613079150134053,0.570243211011296,1.9648170451000637,1.2113596118042491,1.4401541940786573,3.8812605859081626,6.063855167685556,2.28097028717493,0.1498049919156223,0.4129333982281153,0.24766055370551843,0.48074760301643554,0.45678047807607974,0.24653411018585858,0.19747144848860876,0.2499692742797179,0.2860645621337838,53.140120661081205,53.67071134580024,47.14312805781188,53.14012066108141,53.67071134579872,47.143128057811,35.85996493104039,31.39448910383718,28.13060402477933,54.00107842082897,53.85531480604711,47.45545625974003,64.12889526183746,54.73186529608847,47.415859793996546,61.729334735545265,59.09173291345323,46.16371537617652
37,16.94162374725042,2.8926051583757344,0.748409975860008,0.3245016019582031,0.27566163449295844,0.6522751661639072,0.32450160195816125,0.2756616344928295,0.6522751661639166,0.5606578426241698,0.5063819674144502,1.1634063739743712,1.038759756840061,1.0320086295114306,2.240880866333096,4.315664468986493,8.037734996878383,1.962160552165926,0.1388673887125583,0.21141585395928428,0.2039445122590704,0.3105238715820934,0.26954846775027885,0.6186575261567979,0.07085466018355664,0.1817311411026114,1.094273653496423,57.41508406950693,58.24193896230934,39.00437970318499,57.41508406950804,58.24193896231342,39.00437970318488,34.93846752923829,28.946791831284568,29.438305779500475,57.797521126386386,58.43672815197935,39.46399057283082,64.78741559118626,60.546714466460216,49.102756108996985,70.63205258142165,61.860878429202266,34.510477725840516
38,5.038030204145352,1.0251695609764733,0.40120809709439803,0.09607676783953395,0.18615603862950364,0.5966078089039134,0.09607676783958959,0.18615603862937494,0.5966078089038979,0.17026973896396935,0.3563708138615174,1.0581496325245638,0.33401550514410755,0.7519799692471142,2.061229995772279,4.333754675040686,6.801881021760294,4.0657684825823,0.037949472257718664,0.11669873709791469,0.1605278810243172,0.09308025577687468,0.17669013458400143,0.5787334587346925,0.11829540611126278,0.4894493687232691,0.8825897710751353,67.98705328472593,61.65192292721762,39.77921791571922,67.9870532847209,61.65192292722361,39.779217915719435,34.90213450853166,30.396884880408894,23.110143686467577,68.26226961129908,62.1052194695823,40.04342475981308,76.055306156119,65.70814237684094,51.18198712472263,66.18006338082759,53.25531004634098,36.37781878899474
39,37.06029228087583,197.8044244355268,1.6431194099543347,0.14879835705062003,0.17997097705271248,0.507316222712189,0.14879835705062303,0.17997097705271323,0.5073162227121867,0.2549456123662164,0.2928968626880094,0.8856573078136591,0.4708472472382438,0.49256985123449265,1.6757355323147445,2.75565616336834,7.128985422616221,1.1377625525342476,0.06854247107987438,0.1527902681673779,0.14826209354891945,0.14506581406025762,0.17557603413155615,0.4899024408719055,0.19202979506912224,0.32823381319133804,0.26517394108869696,64.1874582518104,61.945416011930234,41.18742158124391,64.18745825181021,61.94541601193018,41.187421581243946,38.83492042014,29.988910967097297,34.17196387273637,64.40811938241943,62.160160799177376,41.49080451970882,70.9202258222044,63.36755163759675,51.87239401869353,61.972048602852155,56.72579913817482,46.82237971976462
40,0.884909387157561,2.2585297582336916,1.850379534048842,0.1386626107805844,0.2568170913492738,0.4259330827400298,0.13866261078067701,0.2568170913493125,0.4259330827400705,0.24878612707892098,0.44625116983112934,0.7169408994178935,0.4993069963979016,0.8353513179152695,1.2962009450990961,4.00538373924692,13.750583395590724,1.2909979330145327,0.05707311264308856,0.19296658910039108,0.16680051646407598,0.13453633064955217,0.24683751958219502,0.41297056656968584,0.18554821028245067,0.6710677462698479,39.78451294966044,64.80023351244506,58.85698704148677,42.7061691139226,64.80023351243926,58.85698704148546,42.70616911392176,35.58653836430918,24.28304301330281,33.074485646627984,65.06262940094656,59.20124202780076,42.9746145947788,72.51078979836055,61.33982309492705,50.849048765023156,62.27028557795848,50.51413818658425,3.2987156710875505
41,0.1879273049726492,0.4523636161723647,0.5517450684345998,0.3889214264498552,0.35754623488907983,0.6020594989506035,0.388921426450031,0.3575462348889976,0.6020594989506383,0.7117440308497718,0.6614420572833392,1.0292215573506007,1.442050784027178,1.3496082412142634,1.9273646349469884,4.833482943596793,5.883914605723538,2.391073099582852,0.09568576860371919,0.2363336278259973,0.24463817424989678,0.3800410770318371,0.3460444553814834,0.5810317213860279,1.3799510801077155,1.0415953201498813,1.5050934824790638,55.84218357278115,55.98282131844604,39.70020832851387,55.84218357277723,55.982821318448046,39.700208328513376,33.954217163885474,31.656138278229257,27.721139514911826,56.0428101676026,56.26682760048543,40.0089997189138,68.0224739772168,59.57895506776243,47.52251204693502,44.842147156983415,46.69548510124435,31.741727082762978
42,0.5337970429778534,2.2166425845598248,1.2790593632800948,0.048394140649860244,0.3395234909326051,0.40461398346368843,0.048394140649908934,0.33952349093268724,0.4046139834636598,0.07428028859853521,0.5636217298125268,0.7486434252415446,0.10631517797849993,0.9687136366792026,1.545920402974185,3.7693577927702386,9.284078761604396,4.047955884268815,0.03925045726537373,0.28498517548405977,0.16320273529174315,0.04597627131642586,0.33245671909696484,0.3851553482255791,0.13141102726610315,0.162696942518871,14.249685483675469,73.94356532458075,56.43206894845105,43.15217882687656,73.943565324572,56.432068948448936,43.152178826877176,36.1140737066868,27.69468917757696,23.148281169252378,74.38874603166207,56.61476320724249,43.58027792909286,75.76252655944867,57.95302011589952,51.03844791937348,65.26678476621287,62.821877669674244,12.21689100948399
43,0.9537651957917328,1.2039297269738083,0.23683874238047598,0.22053959908219073,0.19329111346145958,0.618645153230937,0.22053959908225937,0.19329111346155195,0.6186451532308804,0.3667717935189997,0.31131434051984647,1.1096085687023145,0.649345789325565,0.5237900746154296,2.172323783044457,2.3263722587243527,5.650426679565659,2.005392263780272,0.11808608462732824,0.16372995119957473,0.11812373190425625,0.2042876570943774,0.18853432699897124,0.5982037687258998,0.3505431827540609,4.76416326983163,1.154155911032182,60.76968935698885,61.325227743535144,39.464164289206465,60.769689356986134,61.325227743530995,39.46416428920727,40.30583676410828,32.00784062338507,29.249009880662488,61.434578418110554,61.54165680014945,39.75601368940517,66.19544651237382,62.76690285282488,53.84625340013484,56.74459046139503,33.48973277010599,34.04770698198996
44,1.1689875336290187,1.3388253274305608,0.3231455981308103,0.2926383900687945,0.2015933422327568,0.29634591281484457,0.2926383900687859,0.20159334223274633,0.2963459128148487,0.5600646996089174,0.39320509186003183,0.5632876458511971,1.215973992867005,0.8739864430493322,1.2045694718713034,3.950539321202727,3.8242891499728646,0.9983677530874956,0.04542596979596117,0.11212042697454765,0.029748076935752245,0.28623300906064303,0.19265788978399748,0.2824294442160899,0.4609816405640865,0.10973544953491572,0.38669294304645924,58.31279499381754,60.95994179806368,45.85701774814539,58.31279499381782,60.95994179806414,45.85701774814528,35.70629319473157,35.39845107368911,35.30718568495442,58.5050266483717,61.35372951899047,46.27479715729478,74.49333681568275,66.0557706411841,65.82381866504213,54.36574838847481,66.24252655870352,43.54567165545081
45,0.04891626112716763,1.1518141307793062,0.888621099370361,0.23108264063213882,0.24393392245862497,0.49995017463705005,0.23108264063209089,0.2439339224586636,0.49995017463702957,0.40148273057336725,0.42680960857692785,0.8391330752139063,0.7476140122282741,0.8026773369392313,1.5174736933968231,4.853097646974947,9.015491848458415,1.361508485768721,0.09151333063577997,0.1843806640469449,0.2166218344015977,0.224867441632466,0.2335002260565606,0.4920108410409263,0.15895514668764074,23.644591837361432,17.33274236129772,60.36407453820974,59.30402151447338,41.314462096816975,60.36407453821155,59.304021514471984,41.31446209681734,33.91904037882806,27.949676999624845,32.6125895356389,60.600889394633086,59.68371939338408,41.45350314154498,68.40973373524305,61.735158005338704,48.57895200089022,63.61392908836025,19.57482907149133,10.515650953362336
46,0.33984040259072523,2.4551993481400043,2.8624526940223007,0.2519269062099802,0.4956890057440861,0.4458692246171819,0.2519269062099547,0.49568900574412844,0.4458692246171614,0.47092651165412547,0.871246333151492,0.83094285182524,0.9697699981321628,1.6871366312779703,1.6666281113752324,3.383966548641428,9.031328182120106,2.555974996512204,0.055519140321898204,0.372922535642793,0.11168562652789633,0.24123913000362676,0.47622401066483977,0.35810111336141887,0.1327416992240998,0.20685896136676254,0.32742053644040475,59.613929904861095,53.145279771006955,42.308846646626876,59.61392990486196,53.145279771006216,42.30884664662729,37.05089974616966,27.93443301962943,27.141864563625617,59.990465900189136,53.49323973548049,44.212883159881656,72.75056631716,55.61709293056727,54.33305088856112,65.179273516986,60.73597870497288,44.99087827103465
47,0.4404515880083289,10.84773649622725,0.5428139005807868,0.4344566285652159,0.27595781667107944,0.5262232886341446,0.4344566285653186,0.27595781667106417,0.5262232886341763,0.8290166258013316,0.4957146698967765,0.9346748684965039,1.7855533977135118,0.9906773763123142,1.8398151949893682,5.130302760454363,4.978640224337812,1.5668002736261577,0.048527582975457104,0.19592009628080484,0.18788869538823666,0.41927308585516626,0.24419588631046493,0.508113084034472,0.5819353733348405,0.35941133301029843,0.13967611449738407,54.880492417719296,58.23261149586952,40.869595297379234,54.88049241771725,58.23261149587001,40.86959529737869,33.43656106398281,33.10725062798084,31.392723810779025,55.18948127385383,59.29469862829099,41.173789020361454,73.91964775476876,61.20788578959449,49.8149835673517,52.341925834149194,55.93763015591666,52.39055367821904
48,0.4559991995675694,4.644739706590361,2.1492140388110257,0.319519684039891,0.2689458245823412,0.19901351937235146,0.3195196840398545,0.268945824582309,0.19901351937236547,0.5743803826765648,0.4557761286636271,0.37855631699301473,1.1452442350258842,0.7881505291479274,0.842089477209083,2.5853213368360093,4.726601110169688,1.6737935647890099,0.11108177421009603,0.22025324341596567,0.1426462554766276,0.303858151296201,0.2571797559432404,0.19516993281621522,0.13603413723341254,19.526116237479147,0.6684243290930163,57.54946861032351,58.45616937654823,49.3153449877219,57.549468610324496,58.45616937654927,49.31534498772129,39.38913036246624,33.5584864476486,30.818958709205333,57.986003147340725,58.84472990342002,49.484738332704495,66.72656481709504,60.191019250705025,52.20778907055155,64.96646284084106,21.23714809433473,38.79195160881171
49,8.09186910085686,0.16835375855793086,0.8080142138210606,0.2854895798965882,0.2799571285998791,0.4746607532660509,0.2854895798965949,0.2799571285998731,0.4746607532660465,0.49401945703115213,0.4740167590034329,0.8632345173623243,0.9252322516115233,0.8451609896248783,1.7388056235854417,4.8025382802933345,3.2302179167534213,2.1278347941048272,0.1177899710455079,0.22137478990388357,0.1107453718836182,0.2808716550959311,0.27213503096354,0.44056542073502164,0.1514989817243703,32.1528749368195,0.7364977028232362,58.52761574118321,58.10763489058417,41.76533010312408,58.52761574118303,58.10763489058435,41.76533010312417,34.010004266895116,36.864829067109724,28.734238462306422,58.66926270294406,58.35377648953425,42.41278844353569,66.21725467120392,60.146902259817836,54.40648486831934,64.03122669555893,16.905069275050526,37.94956865335169
