seed,axis,rmse_ica,rmse_mssa,rmse_ness,rmse_picog,rmse_sheinker,rmse_ream,rmse_ubss,rmse_waicup,rmse_b1,rmse_b2,rmse_b3,corr_ica,corr_mssa,corr_ness,corr_picog,corr_sheinker,corr_ream,corr_ubss,corr_waicup,corr_b1,corr_b2,corr_b3,snr_ica,snr_mssa,snr_ness,snr_picog,snr_sheinker,snr_ream,snr_ubss,snr_waicup,snr_b1,snr_b2,snr_b3
12,x,316.6379607530293,318.95171419995756,17.977379553052113,2.202000203681892,161.2203699574385,2.4666182185141565,15.319696865363005,190.8641345049555,2.4666182185141565,9.025607089476928,1188.2204906745317,-0.40721434774065357,-0.5103881250764621,0.9975029367039198,0.9999666834967472,0.8230322262589839,0.999969982228662,0.9989361467619149,0.8039063679531258,0.999969982228662,0.9993070169593751,-0.6384083072758608,-2.371838625860291,-2.435077840269792,22.544893217771055,40.78307387558773,3.491022703592451,39.7973822739837,23.93441753395279,2.024934425859057,39.7973822739837,28.529892501471785,-13.858519777163806
12,y,133.5752885260044,134.75478517838133,0.9210100642436326,36.27995914648442,356.1645744036769,0.7770337025893955,17.231839901668327,274.17818873473027,0.7770337025893955,7.677268630674521,537.6707741009477,0.9389294086660851,0.9367677435452396,0.9999930789566157,0.9901269004959605,0.6286221564210237,0.9999950376891132,0.9979426566651265,0.6535774757922976,0.9999950376891132,0.9995955114917221,0.7285478765373705,4.534943081565614,4.458581579515288,47.76417798179668,15.85612971351753,-3.9835489107027557,49.24066837971886,22.3228324802165,-1.7111925612391368,49.24066837971886,29.345330760248302,-7.5608631074258295
12,z,31.756359037946993,34.983891405199564,4.535156019183078,4.12666024226081,139.145026387263,5.2921759547385365,4.733571519464433,57.895957142357304,5.2921759547385365,17.665108975684,164.6124680547282,0.8676665135792028,0.8280838015381603,0.9973740919678656,0.99806158883651,0.6296286374358879,0.9968043430543847,0.9970079784037391,0.801386024466694,0.9968043430543847,0.977246604884837,0.25715898823993905,5.2563825163791105,4.415634260616061,22.16115193873453,22.981022308138698,-7.576357164504115,20.820311080856136,21.789217720158604,0.040031822591905075,20.820311080856136,10.350670166548161,-9.036257942689122
13,x,70.4304345414873,73.74964278694567,2.531675082246596,1.5697038093682387,103.45054672148586,2.3037514922332174,6.616771121929614,74.601762617204,2.3037514922332174,2.76015778028565,268.6431780821328,0.9628633187438685,0.9585167727861292,0.9999452877712218,0.9999868119424988,0.9035152036758207,0.999957383319518,0.9998287478550199,0.9778670662098033,0.999957383319518,0.9999467229057277,0.6185910408553342,10.684213613546662,10.284222549519786,39.571261629205196,43.723066727273824,7.344765167882114,40.390708380987675,31.226498723784047,10.184439198184414,40.390708380987675,38.820742800366304,-0.9440953599046353
13,y,19.446604841853514,15.338100642438585,1.3234242935262992,27.264953817906285,115.53005475167608,1.78491892429993,4.90121724838069,40.3413580044672,1.78491892429993,5.150569435312413,95.63978284017686,0.9965108117581041,0.9981370893580841,0.9999834805673773,0.9926417231258103,0.932333044143503,0.9999721133700642,0.9997834805312885,0.9910355010816755,0.9999721133700642,0.9997919410568484,0.9303615221404723,21.272589713316243,23.334033838257643,44.61548344969887,18.337370172344603,5.795565917185186,42.01709561839561,33.24338643616891,14.934455226302463,42.01709561839561,32.8123605741932,7.436693873722108
13,z,98.76657858876054,99.03653115222723,2.9716800357933617,2.8190033712214495,0.7670022793516993,1.6248444634373134,8.84975022801506,30.35684917093828,1.6248444634373134,16.1642378475861,389.8338049146568,0.4237478700793014,0.3942128925241605,0.9986977315922204,0.9988335867969441,0.9999200066735948,0.9996122543606751,0.9888309105972166,0.8657746276730877,0.9996122543606751,0.9642668089786618,0.036860871249998386,-4.5992036041217075,-4.622911822183697,25.832955652810515,26.291084680382745,37.597063493746326,31.076760686949513,16.35437631503042,5.6478627286676195,31.076760686949513,11.121891940911397,-16.52459335062285
14,x,29.886340176178862,19.30979220581233,1.771864168728006,1.248217363295851,197.4227163632488,2.5032458487294638,2.4319880148269433,68.19130155215127,2.5032458487294638,3.866349105541428,79.2289767973378,0.9937798475653159,0.9978874516000262,0.9999794953603258,0.9999870022913736,0.8093084387411198,0.9999512334638662,0.9999497720416239,0.9729481240075839,0.9999512334638662,0.9998968888787213,0.9463208467102596,18.12996626319165,21.923868965183377,42.67081245630067,45.713616581150575,1.7314785092574554,39.66935087926413,39.92019236488005,10.964841375623362,39.66935087926413,35.89339966456218,9.661740026405091
14,y,45.05592054008677,9.139187075464323,10.14189315950912,29.866000702384127,185.06359835305966,1.0901915160548452,1.3680613907369965,108.25344708441858,1.0901915160548452,3.33220758161066,82.77092328691448,0.9798617309803259,0.9991834562059048,0.9990701838816876,0.9914570865978598,0.7671248508547032,0.9999883403381282,0.9999840246978747,0.9332163956570749,0.9999883403381282,0.9998989862950094,0.938908799262411,13.974428156191141,27.83131415542421,26.927084877825965,17.545924080932547,1.7030454548224374,46.29940954051858,44.3273537711639,6.360630813145624,46.29940954051858,36.594824536847796,8.691909507195723
14,z,10.777805238626268,14.751175388363775,1.752574581731178,3.965039988715894,13.650353021634109,4.34033163652164,9.274199286478934,9.53250245899064,4.34033163652164,21.519214929619416,134.6863165870521,0.9921291415281307,0.9831529305865858,0.9996445251851417,0.998167971247977,0.9788816188434172,0.9977798555704085,0.992477158536941,0.9901510748543901,0.9977798555704085,0.9522747248420661,0.22486918924062396,14.642389957792286,11.916464050994318,30.419466411968855,23.328045151668512,12.59011892269758,22.542538297213937,15.947468107275679,15.708858065686295,22.542538297213937,8.636468120734778,-7.293472933922079
15,x,25.72147545734403,12.343453124726736,0.983032245489074,3.621810255953128,406.7247531018487,1.5142211262285377,27.389788489371462,44.42393862839236,1.5142211262285377,5.326389408820797,85.31472550252727,0.9950005937060984,0.9993354381109055,0.9999934982735864,0.9999404479122168,0.6656974527294056,0.9999848500194521,0.9970219241844062,0.9886911922770071,0.9999848500194521,0.9998664308012151,0.9459341899984257,19.433503424946345,25.81068752945142,47.788065695289774,36.46090708779562,-4.546591112128267,44.03563494945172,18.887647400955395,14.687079761980495,44.03563494945172,33.11076268679295,9.018941016017202
15,y,28.06645161273554,45.00893749428019,4.285797871869334,88.57242195452577,278.8409910336909,2.959667291738346,4.89765795475895,86.16981552701334,2.959667291738346,9.236658302766303,80.75309042094915,0.993382912116548,0.9807131393200621,0.9998716100196284,0.9633320383639028,0.6586958328495012,0.9999428960967058,0.9998630333898664,0.9608961070087079,0.9999428960967058,0.9993548546903792,0.9575657456186317,18.085715318574756,13.983490283121892,34.40883180327587,8.103495093693132,-1.8576668515917825,37.624607640621484,33.249696473251056,8.342362236312463,37.624607640621484,27.739167944344274,8.90628246498692
15,z,13.656232047565478,7.031096199098434,7.781645940630689,10.775711058790602,1.7945393433212915,1.681912107018261,5.263458501796347,51.723602257859305,1.681912107018261,4.16637429791275,48.038123340005164,0.9756172107729703,0.9947829600672687,0.9913701427632053,0.9919346911623905,0.9996005219916578,0.9996623733851042,0.9959203718011294,0.884759060257218,0.9996623733851042,0.9975197548509409,0.7681608064682722,12.586378830622436,18.3525357857827,17.471567248671448,14.644077832266317,30.213936901054183,30.776930649355215,20.867572520872557,1.0192213166279043,30.776930649355215,22.897830916671733,1.6612759274022417
16,x,26.72424134267893,21.782611693468326,68.65446489389656,1.7153302895002303,313.40458675063485,1.5268933331595598,10.058658012530268,85.15518757595224,1.5268933331595598,8.483239212806046,133.2907292993349,0.995423150525746,0.9966547759759985,0.9721201388575776,0.9999889538980139,0.6288713479436828,0.9999872607006812,0.9997600775320066,0.9603745902611247,0.9999872607006812,0.999583874683143,0.8554155384754435,19.101313268760183,20.87722197935247,10.9060452413058,42.952465841635274,-2.282685991906587,43.96324699469635,27.588620118032164,9.035198773211512,43.96324699469635,29.06818670104756,5.143422087607067
16,y,95.09960861343623,96.42551523264656,0.9744346615230046,60.05100105739782,307.9474974194029,2.546848277539127,6.064099486835478,158.89322235963695,2.546848277539127,8.281411433130218,304.473085304598,0.9607930174544685,0.9575380414342085,0.9999914260847147,0.9845743358737669,0.3032882296067181,0.9999448572939567,0.9997582403426034,0.7826460551641836,0.9999448572939567,0.9994871658769201,0.8093908352665683,7.485890908759895,7.365626138029162,47.27441102419781,11.479060469617671,-2.7200680812273452,38.92940402706821,31.39413914719018,3.0273580477307203,38.92940402706821,28.687378268639307,-2.6215126609342216
16,z,35.204212772123974,33.65701269953234,3.7030141800165834,3.8428011187270297,71.84985264948854,3.0760261702426988,14.330722174825645,44.9446326280902,3.0760261702426988,11.809274932559365,218.6664095897243,0.8776679467689722,0.9077895085739739,0.9981781959542021,0.9983330444887754,0.5619919316918036,0.9989531115738174,0.9738622823473458,0.8612625544440895,0.9989531115738174,0.9796436931065211,0.3845607833685724,4.361103841653397,4.751485252988067,23.92188908311962,23.600038415946955,-1.835521051099534,25.533196064409317,12.16763505410067,2.2394398870343455,25.533196064409317,13.848531913971891,-11.502644896288816
17,x,20.972448122214114,1.9316844088662464,1.8553026351590793,4.0143773241289695,295.3866886952634,1.4649074433446745,2.032117330569463,106.16066882108012,1.4649074433446745,9.68289470885785,52.889154047781865,0.99678830677908,0.9999693196888482,0.9999841169301715,0.9999109222899922,0.4310872318811293,0.9999839891174425,0.9999804021795304,0.9392681729069019,0.9999839891174425,0.9993447208863556,0.977640062637758,21.206438395892985,41.92069748131972,42.271125743285644,35.56705715586281,-1.7683974357018029,44.32321725765266,41.48044537835752,7.120148052604744,44.32321725765266,27.919316783932583,13.172088559439308
17,y,40.664666684855604,26.012546344474337,1.2980990576080431,110.83462646687482,109.12755546439155,2.0686273663170427,26.01941385707769,238.87786844626072,2.0686273663170427,7.311969031201554,131.2523809183585,0.985767090299909,0.9958554741759549,0.9999891576769813,0.9323652423232998,0.9429892302900902,0.9999705242327258,0.9970762043741299,0.746003660102239,0.9999705242327258,0.9996000226975643,0.8945917605059989,14.865121162844257,18.745808161063568,44.783308807824994,6.15595626113741,6.2907769643503535,40.735820185200794,18.743515321944063,-0.5140528016538477,40.735820185200794,29.768778633675375,4.687321695388028
17,z,47.33208165260277,47.5670472629515,10.29969292558129,14.620161090906942,85.38381729528643,4.378485638960916,32.9580867840958,32.773855772893214,4.378485638960916,11.057504553874853,166.98166673797698,0.8510246805134223,0.8434303332065197,0.9881293171492248,0.9794238221457924,0.6833323295427927,0.9975166795496833,0.9320932842907937,0.9297016402973002,0.9975166795496833,0.9862305301295311,0.4744874394980148,1.789884484279785,1.74687271896636,15.036511047822271,11.993953427556232,-3.334514757074436,22.466517993216527,4.933756725685584,4.982445821401444,22.466517993216527,14.419854047207563,-9.160379248338135
18,x,47.43549686258374,53.76839112642346,3.9250702771828,1.6108980109035804,69.47996249357045,2.386694097768996,145.64822419448103,169.54641002264148,2.386694097768996,6.489700499533299,181.99071515966352,0.986099728046929,0.9806544775104652,0.9998709563749998,0.9999777869350838,0.9634998306275173,0.9999562866227016,0.8908178259420122,0.8173145675969943,0.9999562866227016,0.999661415086907,0.796356013474116,14.117351892670069,13.0288801400426,35.76247223051986,43.49806006656476,10.802229465018874,40.08348578945778,4.3733170939015125,3.0536490026185916,40.08348578945778,31.394927881340372,2.4384363392623496
18,y,72.98208518748403,83.29905409992234,1.0189776679463916,28.196805428847725,270.18668152071825,1.0255671238597794,35.86179420813927,113.74864084559817,1.0255671238597794,4.820923383570684,264.74326120135373,0.958942250491452,0.9445201356517737,0.9999929000711362,0.992337600775348,0.5240217185343452,0.999992936645522,0.9924336910503467,0.9088282574984046,0.999992936645522,0.9998344363341447,0.47004398342437637,9.785140149812225,8.636664104107165,46.886172179354205,18.04546735050193,-1.5838132449137357,46.830183692093854,15.956825219661201,5.93054117877215,46.830183692093854,33.38686090999808,-1.4070327865664196
18,z,39.868287687746154,42.165967965344,9.198357775408114,3.4225711530036738,50.89482099357315,3.9398288325366,4.311643572707359,42.85391107331406,3.9398288325366,17.746290226810366,189.4004598033607,0.8641304113235808,0.8291793778608716,0.987801407438913,0.9983235690986324,0.7793814360125871,0.9977299767366087,0.9976975773386839,0.7575710885195257,0.9977299767366087,0.9568271040834975,0.36398822724740454,3.2804449162125366,2.7937550956697415,16.018790631203935,24.605946873268827,1.1595247609987773,23.383449502494024,22.600139541646882,2.6531873038682505,23.383449502494024,10.310844989393201,-10.254623994714926
19,x,181.61688799843762,181.2605597889575,1.973594046536865,2.35156489616488,35.878595202179056,1.7419107714073079,53.02702528285044,253.79147739610588,1.7419107714073079,4.423950795715509,606.9561736510852,0.8556211744077713,0.8570922906371621,0.9999709101880355,0.9999674452112509,0.9893969983988143,0.9999770280848057,0.9756799434395532,0.7691809474887289,0.9999770280848057,0.9998408739954157,-0.07489637333153859,2.456296376192018,2.4733546338275727,41.73426444356143,40.21228160218389,16.542712366727223,42.81890287768124,13.149475677894383,-0.4501197063711381,42.81890287768124,34.72321521189643,-8.023725692318708
19,y,125.37081591217397,123.84986750113477,0.7688599979133804,56.07470448227534,211.401547826601,2.205573680128703,1.9860328853320333,130.49072307658983,2.205573680128703,9.783039164200225,428.4769314479699,0.9343044429847847,0.9348881582129842,0.9999951621511091,0.983034599340682,0.8017173454691319,0.9999606361478598,0.9999629047242209,0.8516132764524947,0.9999606361478598,0.9992313195499458,0.6808804530658247,5.085536455282689,5.1915545744488245,49.3325201782359,12.074125630468448,0.5473022449629917,40.17903408956972,41.0897367924656,4.737872747377899,40.17903408956972,27.239989657835743,-5.589083402142519
19,z,42.35611757702192,41.16315821177301,3.5852238006182957,5.705437537593729,60.74815283062366,3.271359895252619,6.111812532858817,70.27512130845133,3.271359895252619,9.667296107680972,150.1211396925951,0.8559271155624988,0.8714519189291635,0.9981882950201298,0.9956766476963292,0.7819253383309558,0.9984810017326243,0.9951419340839076,0.8099873726759041,0.9984810017326243,0.987579050454815,0.2762248194023313,2.754673681207786,3.002822819598908,24.20267116844397,20.167217482591504,-0.3776649523338317,24.998430081029426,19.569596091365913,-1.643035493927606,24.998430081029426,15.586896161904907,-8.23584047157714
20,x,30.3792168238067,34.05786215706475,1.7766407830804365,2.727767072000987,57.83574956026073,1.3325563404867677,5.613070185158586,168.87147666253935,1.3325563404867677,6.2087181394615785,106.7588290229587,0.992219094547979,0.9902740461775956,0.9999738722803696,0.9999371711819524,0.9723790218796776,0.9999851858297127,0.9997317860354816,0.8259101151321363,0.9999851858297127,0.9996740468072072,0.9098701105399302,17.987889500543407,16.995073303272097,42.647428427966915,38.92327532113403,12.395493602171832,45.14570937055454,32.655411519336745,3.088294951796911,45.14570937055454,31.779382083898895,7.071344939499752
20,y,44.19195866704882,10.884576207367912,1.095333501273456,59.54997550559631,138.35551526888153,1.7504614121945872,1.7728784186024364,128.48017231318124,1.7504614121945872,7.315749286239623,77.86278908867206,0.980655946802529,0.9988320009447835,0.9999898791254681,0.9681585867988954,0.8443274056569237,0.9999755360740232,0.9999767193711936,0.8857203071302407,0.9999755360740232,0.9995070339502607,0.9462513751411172,14.14260048640597,26.313235012736165,46.25853808108944,11.551833756774563,4.229535978179915,42.1864146711921,42.075886433535544,4.872743292510317,42.1864146711921,29.76428922827628,9.222866373783846
20,z,10.715687876320965,14.517687885829615,5.12095072955791,6.759365043310699,25.8010422661355,4.382964523202785,5.4469960258191366,39.658225590988216,4.382964523202785,9.096118311465984,84.95590472216621,0.9831948385519874,0.969812828495545,0.9961930589677395,0.9933083984888855,0.9207094196092007,0.9971728524192215,0.9956602931881857,0.8483965188642237,0.9971728524192215,0.988346880429421,0.5485911329918571,14.69259548305335,12.05504747883067,21.105984638065493,18.694878557308474,7.060251581215999,22.45763747757234,20.569855417044298,3.326331007724852,22.45763747757234,16.11587457517176,-3.2908747985324966
21,x,42.58935823267996,44.8638557067545,4.662370125084806,1.6542039635956445,65.05598699848538,2.2531205775281675,4.379178713498682,199.60688422361977,2.2531205775281675,6.161791256703449,144.9739113852047,0.9914588866087414,0.9895952236252399,0.9998248020873106,0.9999767532743199,0.9671180098629095,0.999962206976633,0.9998950929829455,0.7414143509370384,0.999962206976633,0.9996749187058295,0.9298035381452129,15.053399054554674,14.60148906864635,34.26728602604705,43.26763982988447,11.37367556846095,40.583732292572144,34.81156759105935,1.635910660686537,40.583732292572144,31.845281339430272,4.41362384577142
21,y,45.473129793255374,27.41630699241557,2.9610140212982206,32.77334923752061,319.5958837942371,2.74949242565289,9.053140476735672,316.809978037565,2.74949242565289,7.5263877594060675,142.03442357169635,0.9797792961560349,0.9933273897242937,0.9999449590792133,0.9907514201652442,0.7377041232404605,0.9999509946043099,0.9994041236363077,0.6274502608481892,0.9999509946043099,0.9996635576288158,0.8702203559700596,13.894368569320584,18.289286411729126,37.62065622222464,16.739048982178822,-3.0425580440172966,38.26441494806742,27.913480313831943,-2.966511527267146,38.26441494806742,29.517733712292603,4.001593238758611
21,z,37.1855197545524,36.2094261986064,4.502614502213964,3.382951049104305,60.823583722351735,4.452533251502808,33.77656138467399,51.85557940428805,4.452533251502808,22.02985759344985,464.2526875201672,0.8250984137372106,0.8356679114487986,0.9970998417933911,0.998414371993291,0.6981777109990234,0.997164232822211,0.864492226853623,0.880223413022981,0.997164232822211,0.9396569438991665,0.08311541662860965,3.8855194622725886,4.116563730811761,22.223701268984076,24.70708231231212,-0.3884435181996062,22.32085315605898,4.720687900556859,0.9970867615832925,22.32085315605898,8.43276278978266,-18.042091945073697
22,x,25.344880470047535,3.902947644090634,2.1782876087879073,3.5916631848165608,353.77598199529945,1.5887104075550578,2.2514792649948228,97.00760579582672,1.5887104075550578,5.120091918633319,40.420110403797274,0.9945554950626333,0.9998881044780064,0.9999697940578351,0.9999280552830626,0.5669778881601679,0.9999857660637097,0.9999620361709068,0.9259901792340163,0.9999857660637097,0.9998430897238532,0.9861545367583616,19.561616024303564,35.81156646179035,40.87711655183221,36.53350890979213,-3.3351459309444875,43.61852615990656,40.59006193811469,7.903305250190568,43.61852615990656,33.45386581707411,15.507471063411698
22,y,27.828100156325274,13.921250551034834,0.8760649648862084,70.16949519102096,202.19025684118324,2.3666410292049904,2.4497498681576175,74.08314132835339,2.3666410292049904,6.800194187284506,78.0566401638729,0.9924555485103735,0.9982037477413545,0.9999940646040734,0.9642049304070053,0.7725263254263001,0.9999571344910982,0.9999468151981737,0.9466128885124793,0.9999571344910982,0.9996124390269869,0.9470027196480101,18.15979434520678,24.175900503241003,48.19873924817266,10.126498457107324,0.9342610215244246,39.56681771284734,39.26703064109137,9.655077713599553,39.56681771284734,30.399039207295708,9.20126842513763
22,z,29.079652668555106,28.978895360229966,2.7492942084122896,7.624680114500238,142.26605384794462,3.589503764187355,4.9021437511289285,11.322756333603516,3.589503764187355,14.947722667874995,114.73478567835825,0.9402911138005975,0.9410144711809114,0.9992469634613564,0.9927471573516184,0.35937588825274147,0.9984973959242606,0.99828462346022,0.9877443430521023,0.9984973959242606,0.9778908848627645,0.6700488106693058,6.021212286323325,6.051360051593195,26.50857224120045,17.64856402461815,-7.769029120596176,24.192308323223823,21.485275736937535,14.213953357765917,24.192308323223823,11.801495953546768,-5.900905589354828
23,x,40.067704280293725,39.87323861888095,1.9571509347598601,1.101306116409635,135.9802142680096,2.2358170356766123,2.8726694978085305,92.18525485541424,2.2358170356766123,4.872463654392337,123.44580032303081,0.9893507679680517,0.9894824898037273,0.9999724437330542,0.9999903608040401,0.859447061612745,0.9999629394773539,0.9999392267799171,0.9348583971951818,0.9999629394773539,0.9998106152726692,0.9053222850358894,15.583531775670082,15.625790736948552,41.80693458013163,46.801259947625525,4.969906548351341,40.650695753522285,38.473707710751505,8.34619175826397,40.650695753522285,33.88444880714016,5.809894578892344
23,y,51.79731530973011,51.48560679627069,2.2978905814294417,31.421950549781265,289.3903848021215,2.2798062137718786,6.750412929026334,91.72625624359455,2.2798062137718786,4.046353204866289,152.64159236486046,0.9755473125242589,0.9754164192964472,0.9999509088604583,0.9913449033975107,0.5576859288424725,0.9999514680676348,0.9995951095006234,0.9526041905306699,0.9999514680676348,0.9998660608019497,0.8714209786899565,12.763320489454074,12.815748788580088,39.82287859921874,17.104802684110698,-2.1802164452719848,39.89150683994612,30.46285870362064,7.799592132820451,39.89150683994612,34.9081897101323,3.3760077411104024
23,z,71.1817509643177,70.80607005593583,8.15723613947732,3.400391018640017,82.15142654279133,3.0742662809506696,2.828215977462393,7.223936647227392,3.0742662809506696,16.719200737736696,271.37455410752347,0.7366794182678517,0.7314057765794862,0.991705088074757,0.9984219891253486,0.5554343995328235,0.9987156141605346,0.9991422976497505,0.9948163260949415,0.9987156141605346,0.9638548582213506,0.3559387461803078,-1.7543767506423602,-1.7084132236224006,17.062135892232167,24.66241937686425,-2.9993056002354472,25.538166951470185,26.262745157111937,18.117518012624604,25.538166951470185,10.828686342622882,-13.378385872373341
24,x,32.99797177095776,33.288947186304426,1.3603542285603767,1.534609977936694,86.7144105225727,0.9876107285591835,1.920467304576354,212.5357052743246,0.9876107285591835,4.534183168421075,116.36178949781433,0.9929033080064142,0.9927153216151635,0.9999846474817708,0.9999834859117408,0.9339798718634087,0.999992484144269,0.9999691100228304,0.8342357387457451,0.999992484144269,0.9998665113090148,0.9420746170147268,17.269676038268827,17.19341976875695,44.966380753185,43.919460619153774,8.877595448881292,47.7477049899403,41.97128261531623,1.090782961560032,47.7477049899403,34.5094397629927,6.323213141160852
24,y,56.3266954971575,50.711678064357265,3.7194099465880237,29.623873124850075,238.56948412112087,2.5866911828243317,3.1355630353236714,115.54988216842244,2.5866911828243317,7.301215049922875,149.66676525875855,0.9723582993272487,0.9786486157834684,0.9998859591386611,0.9916180886416192,0.6959274069402747,0.9999366429024866,0.999909033142684,0.8988201824724837,0.9999366429024866,0.99952684578363,0.8627300911653459,12.035180033484599,12.94730586606792,35.639984537553275,17.61662872004103,-0.5028323285593275,38.79457384608712,37.12315478095719,5.794075361523916,38.79457384608712,29.7815626937269,3.5469580529729554
24,z,13.781793906768707,10.519227037274884,68.56873431119725,3.0234916698078047,2.8487591431688757,2.075601233971039,1.971251340259078,145.1286419167524,2.075601233971039,8.16164377524129,43.780954854529064,0.9736534129099087,0.9860337715862623,0.6504825895189289,0.9986639970405347,0.9988139699273239,0.9993802792123273,0.9994271404863928,0.27455331687068674,0.9993802792123273,0.9902512099777993,0.8392568402782621,12.506881561629191,14.853320012761298,-1.4295260754689512,25.68282105731193,26.199881943791247,28.950118180870405,29.39815655289948,-7.942066039689655,28.950118180870405,17.057443874282217,2.4672920008495307
25,x,29.71013400876399,27.897032338039395,11.504057443313597,3.3931323709820944,5.638186521799099,2.2665260744960136,2.4095532003928133,73.84274237950208,2.2665260744960136,6.125125803978767,66.31879589194712,0.9934181914705756,0.9943410430538261,0.999027146666553,0.9999513141096077,0.9997767841616817,0.999962969366193,0.9999659559192261,0.9524452448380032,0.999962969366193,0.9997260241925621,0.9679140831036279,18.181328757515864,18.728260854480865,26.42240013951952,37.02740492315477,32.616632190728126,40.53220657933512,40.0006905815928,10.273264627908379,40.53220657933512,31.897120709655923,11.206688323613767
25,y,48.97716442431872,22.743712766759074,1.0173253262045954,104.35317359398142,226.28966272213245,1.8238971699940085,5.14875669764309,97.26633410614191,1.8238971699940085,7.439082097573165,127.36233585658547,0.9771212787387386,0.9960210210827982,0.9999924047733809,0.9203437199357065,0.8044444564823748,0.9999686237122376,0.9998073437283647,0.9504976453054071,0.9999686237122376,0.9995445088940276,0.8949688335055582,13.249592747257214,19.912238261290675,46.900268373491144,6.679352272665918,-0.043828802240925196,41.829458510962695,32.81541810228734,7.290214541295452,41.829458510962695,29.619078468411402,4.948645189739813
25,z,14.498033952832856,7.533213324278566,3.1938720408239596,12.226742111603478,62.19515733365277,2.626027114078504,3.2871191590254916,10.563746674315256,2.626027114078504,11.76224193506376,99.86272048814232,0.9708103480295355,0.9936001102193173,0.9985293668508921,0.9861047231146141,0.7350193055826151,0.9990983735266222,0.9986695664557553,0.9912332374584952,0.9990983735266222,0.9835725660171718,0.49798315101485363,12.066814335434895,17.753391267491835,25.20664633335437,13.546781543311182,-0.582134830433342,26.907012466704785,24.956687631835305,14.816637025426793,26.907012466704785,13.883194423817805,-4.695071275837751
26,x,39.764729420183755,40.94430677629022,63.83853389530795,4.076581522512263,71.91041003155887,1.4792817449189513,2.0218742313679208,307.1464660750263,1.4792817449189513,7.329508119947598,247.53683767961235,0.9917098747227973,0.9919630539960573,0.9644287776462287,0.999892342503883,0.9548836677959057,0.9999847141661284,0.9999653884489293,0.46331607966118316,0.9999847141661284,0.9995682357493413,0.6326707803412669,15.649460339050487,15.395550521373401,11.537762881225099,35.43349833843226,10.503585669777795,44.23840301430602,41.52433822677058,-2.107489484997483,44.23840301430602,30.33792436557086,-0.2333757975361458
26,y,19.760921958887774,17.973199161793634,0.8430742440582998,133.26561721319067,356.06543102023227,1.7044047080290974,16.553463480788704,311.0671608951836,1.7044047080290974,7.538353089271832,51.21788766710805,0.9972414104023747,0.9985887596993807,0.9999934439451714,0.8523943103450085,0.13205564973390632,0.9999859075569277,0.998442662428103,0.20709542286149596,0.9999859075569277,0.9997068417194684,0.9882546316460321,21.1333214400126,21.956957764975403,48.532149064514,4.55510319942486,-3.9811307354336654,42.418010997036575,22.671687999551054,-2.8076178079071945,42.418010997036575,29.503935989836467,12.861032234660424
26,z,31.138447423226882,30.67299840722658,3.8697400829816635,13.256288217595339,60.330330197395874,3.866747919872764,8.558121704769441,22.442776247285497,3.866747919872764,8.61545575900878,114.96747703595841,0.9474460804007386,0.9476317615150746,0.9978145104948127,0.9823567231912288,0.900153883667213,0.9978178001245869,0.9968261630891567,0.9753913508053649,0.9978178001245869,0.9912835559264069,0.8161916662574455,5.427057492064341,5.557871943891884,23.53936066630859,12.844557826717523,-0.3177174604993555,23.546079373771022,16.645427419610723,8.271464993145091,23.546079373771022,16.58743145239317,-5.918503432051906
27,x,42.51633610595137,42.922427402091856,1.8356393067638364,2.663950546194698,95.86112290266122,2.3527860527852096,4.122450907723319,79.16665813936949,2.3527860527852096,2.5505432764456724,149.2222175586752,0.9934108585437129,0.9931176861645805,0.999973970405108,0.9999520306081533,0.9174754244760883,0.9999532177067983,0.9999354958987596,0.9665768735785213,0.9999532177067983,0.9999590785847622,0.7852761865933635,15.068304338965461,14.98573547681473,42.363673997298285,39.128897805869514,8.006570732829136,40.20777223118317,35.336311120852216,9.668574722495682,40.20777223118317,39.506767034958486,4.162751178601654
27,y,23.769477125144128,38.5289193895342,0.536983292485504,30.63888579740051,80.14811999848891,1.5368651367411643,1.2613713864470368,654.8471086428747,1.5368651367411643,8.133992144370675,66.43485150684162,0.9946330872767316,0.9856055267065488,0.9999972537644723,0.9911690367783358,0.9366914441631284,0.9999775332080637,0.9999846053445859,0.132366450740673,0.9999775332080637,0.9993645996855707,0.9639155633760265,19.529072933731577,15.333728927611583,52.45025003203029,17.324006143381403,8.971598705576909,43.31675032270052,45.032605999928144,-9.273332785713894,43.31675032270052,28.843390527690495,10.601546128031911
27,z,130.81423116927957,130.3556212884192,3.767193128695783,2.6031308347741082,57.67496462196376,2.662029331372574,3.5011667050145348,26.228149056216296,2.662029331372574,13.862544837640902,547.7038682154237,0.6639806969022924,0.6475743893383237,0.9984248405187879,0.9990000484828662,0.6029870463572267,0.9989565723791107,0.9982644929340988,0.9500528381072497,0.9989565723791107,0.9719657145055363,0.38373374963410056,-7.040103276535598,-7.009598692113775,23.772638879426058,26.983076654498607,0.0732498492928734,26.78873985706979,24.40874078895552,6.9176437227148995,26.78873985706979,12.456137307976991,-19.477919578589177
28,x,73.64016968021866,72.67154522260216,1.258509729542829,2.426413322993572,113.99115400940505,0.7566125825089998,4.5861086731994325,147.63973715630775,0.7566125825089998,10.486562589680208,587.0408020167208,0.96711664479264,0.9691023084045045,0.9999873804204695,0.9999533572125506,0.900059421040345,0.9999951173043582,0.9998278568668745,0.9092438882931667,0.9999951173043582,0.9990751282457034,0.4897095106737522,10.297125361217628,10.412133076934015,45.6422894231465,39.94012533291399,6.501997964999042,50.06194978457528,34.410534139121836,4.255355704777368,50.06194978457528,27.226757905631107,-7.733944783196439
28,y,130.52482523007728,116.12258598739992,6.1904175802372565,71.96998003202135,253.11408498406743,1.672991622003865,14.168917394503259,253.43122788933525,1.672991622003865,4.1323555717073015,1749.2355380332265,0.8256404633451245,0.8699890517038038,0.9997509232186624,0.9506398266549468,0.8144513502315816,0.9999772075907887,0.9982411388568319,0.7227607348817454,0.9999772075907887,0.9998763383326871,0.0132235228469689,4.735603092982039,5.751131524999114,31.215066585691087,9.906437856564956,-1.0168607579864803,42.57959017820883,24.02273213352216,-1.0277370549912108,42.57959017820883,34.72551182727661,-17.807500340157375
28,z,53.42509828210933,52.55315702148938,17.047940092539154,6.6214862197619935,63.645973009161956,3.652917540321885,4.81501195987009,21.491181726953247,3.652917540321885,10.44076452905665,1182.4356010592983,0.6359588290117182,0.6362120438389542,0.9581796175865915,0.9945834206565805,0.5673480952143847,0.9981782371856607,0.996870760314189,0.9471089688846532,0.9981782371856607,0.9868690477357613,0.003424655604455607,0.7380899896898442,0.8810203755064012,10.659558373749174,18.87388699399437,-0.7824220207120673,24.040199210972347,21.64104918133038,8.647790654725046,24.040199210972347,14.918350560929678,-26.162553356634053
29,x,10.799636474835028,17.528460667062184,2.128974122619059,1.2810987400584737,73.54740118266345,2.509767064900446,9.419806924153436,84.27955662713165,2.509767064900446,5.24570158596339,83.0248812229366,0.9991770182218705,0.9973961043182068,0.9999678047404381,0.9999861919344061,0.9545967833720693,0.9999520179870834,0.9992523637499052,0.9534028665462762,0.9999520179870834,0.9997823835557426,0.9486971790492236,26.971238231681603,22.764545403030017,41.07601331809335,45.487768890347304,10.308074343303913,39.646752654645994,28.158580946947595,9.124976127103963,39.646752654645994,33.2433493497959,9.255255712525795
29,y,33.434597016700316,55.767192640542355,1.3797554770825529,28.535068552297155,45.58834140134002,1.3659106298786508,8.956923043083215,123.55107427291362,1.3659106298786508,1.3869462376701778,110.28942285447435,0.9950263492268209,0.9746998193661834,0.9999843754008798,0.9921974226147015,0.9813081309516447,0.9999843947784364,0.9993720406687711,0.9421203354252586,0.9999843947784364,0.9999825829511134,0.8775961090128691,16.565543639092063,12.12188985334518,44.253422966071454,17.941887095827344,13.872389661365672,44.34101980371019,28.006288644043373,5.212534981784036,44.34101980371019,44.20827296440688,6.198788219201758
29,z,7.082456933704788,7.783767709838039,1.5786204671377617,3.071711279809396,39.3833762695273,3.3833801874141733,1.6606597985244207,60.9463848816547,3.3833801874141733,19.149995745623222,142.21526864887602,0.9944648777399712,0.9926328551435054,0.9996605703698539,0.9986307335021913,0.8433746443853394,0.998342465456582,0.9996438175124573,0.6579842952270983,0.998342465456582,0.9531570117740912,0.35666424241293826,18.289317737478587,17.46919924821859,31.32744200074479,25.545388734822716,3.3867376907673936,24.705980548926995,30.887383138535842,-0.40596241371965336,24.705980548926995,9.649622948770787,-7.765927935357242
30,x,38.314669148483965,38.92297885671756,2.2531918899331687,1.6667326431529357,18.834599303967327,2.305909276169095,6.264431414493379,447.7921679830806,2.305909276169095,4.462724638165204,108.69501726994527,0.9904136846928425,0.9899568116717656,0.9999566692527075,0.9999766554940064,0.9979126680534283,0.9999542479137864,0.9997175596099952,-0.09572643957939116,0.9999542479137864,0.9998699687511455,0.9011589205803174,15.97211937719964,15.835299565127844,40.58345738412573,43.2021021475261,22.14029326664281,40.38257664399428,31.701787796349457,-5.382108895685606,40.38257664399428,34.647419160600975,6.915228254087477
30,y,23.046245335284162,18.88981715015869,1.9549765440245848,38.672161788117144,227.47924425492465,1.6934404565796874,3.920009363488198,83.82394926751782,1.6934404565796874,5.539407922275729,212.7748794487672,0.9966850758160443,0.9976768106633062,0.9999664178985924,0.9872492902512514,0.8101013578280913,0.9999831393030258,0.9998760021635396,0.9779592741698914,0.9999831393030258,0.999782750083656,0.6784018892239557,19.79746188464638,21.52491041934416,41.226634479208485,15.301496500956786,-0.08937003444512312,42.474066881858334,35.18372341253544,8.582103135278476,42.474066881858334,32.180198544593985,0.4910584378125304
30,z,22.667682477610096,22.79762254357642,1.2015805956049805,3.394216634188729,41.933798937500086,2.2433616334886506,5.511115454876278,8.675479046107696,2.2433616334886506,14.426859257631405,179.6586790095808,0.9367682517289695,0.9371714379130656,0.9997959439301632,0.9984637822543315,0.793570543151803,0.9992630967675958,0.996837525565112,0.990911663780428,0.9992630967675958,0.9726446869535449,0.21972870110800155,8.184854174408008,8.135205408386,33.69793845980354,24.678205435288547,2.8417124147069748,28.27501082135093,20.468206398113367,16.527127281735712,28.27501082135093,12.109560684802245,-9.79596745651474
31,x,11.1290079821187,25.96225773130373,508.35947502225116,2.4848167206597758,380.42531019509755,0.9890561296616162,8.423179880494397,212.7599554876567,0.9890561296616162,8.509359552235791,1597.2818036793499,0.9989905646572594,0.9943063425010162,0.3709828849636009,0.9999678679887755,0.5145115498830642,0.9999916184719115,0.9997230449917154,0.7962337319127739,0.9999916184719115,0.9996033950834519,0.14816750965014427,26.71029189365312,19.35257183350449,-6.48399747897697,39.73353375535041,-3.9659670964327836,47.73500219518871,29.129899465153414,1.0816231559728011,47.73500219518871,29.04148347955369,-16.428209911914003
31,y,54.87829287671657,57.95767446644212,1.0807181773353565,76.59990162583975,271.99129097069857,2.017886946904271,9.138410988868232,182.87536079049195,2.017886946904271,9.054694772999987,1540.258316363707,0.9880998271448475,0.9846506787123186,0.9999938858380556,0.9708656717957667,0.6520499488390339,0.9999602715700252,0.9997885276768564,0.8649409455360284,0.9999602715700252,0.9992939185001704,0.13875202703839115,12.261453638053364,11.787246476056215,46.37521637594471,9.364901262704283,-1.6416344667341387,40.95152887996032,27.83205177997462,1.8063615815548921,40.95152887996032,27.91198919734413,-16.70240574699817
31,z,18.17832850270054,18.65996020641311,4.59208017683467,10.572822674552363,104.92680279393025,4.08008217780258,4.146118782985777,51.48946657061036,4.08008217780258,9.352812407042613,1451.0764864508535,0.9589838822755202,0.955354037903504,0.9982249954926307,0.9893931543912171,0.3463371801169636,0.9986573816266604,0.9992552650873042,0.7385092004766695,0.9986573816266604,0.9908492235165315,0.05180259779716939,10.10191763831408,9.874782320199348,22.05280734211939,14.809177617993328,-5.124732209874026,23.079618377291098,22.940161782690392,1.0586287337558589,23.079618377291098,15.874152112775523,-27.94080951011641
32,x,39.5539706914031,39.324700979651105,1.2633322223422447,1.5564068299146583,30.159498518013145,1.2946252623771306,6.6523222452202955,49.90018611299833,1.2946252623771306,4.958752232194767,821.7203429687432,0.9886243925241577,0.9892717679423756,0.9999877865148067,0.9999815754293242,0.9921383952988319,0.999986741055337,0.9996197212061686,0.9817919252029853,0.999986741055337,0.9997899734662086,0.3157615788865633,15.695619223755301,15.746112392048975,45.60906950524972,43.79695841309281,18.050938652627853,45.39653942630082,31.17995539731172,13.677377663396362,45.39653942630082,33.73197279211483,-10.655059803144923
32,y,51.42090766065795,51.597189185569725,1.3666037496649701,67.37479996158947,79.36801548365989,2.125576422405003,18.241434720023808,114.63693719264897,2.125576422405003,8.636256042102938,152.1626771692037,0.9764546923119848,0.975681335104955,0.9999817280607546,0.9588754013557316,0.9404505567026604,0.9999554626156318,0.9978053651228123,0.9445744976640063,0.9999554626156318,0.999268568039919,0.8814169549369791,12.826670733194055,12.796944628520052,44.33661334045853,10.479515725237347,9.056555073416629,40.49993101860116,21.828285633642757,5.862974014416585,40.49993101860116,28.32295530975747,3.403302686584679
32,z,12.806347824417115,13.117550337768462,1.2368312042600897,7.06163973100386,70.30008471215592,1.500018188866753,34.48726114985487,6.430780055799016,1.500018188866753,9.546605282446132,1226.653688101873,0.9764668638949533,0.9759540737903996,0.9997903105241711,0.9941090658584715,0.5459234167285817,0.9996965795690926,0.8345412416115724,0.9942277187889021,0.9996965795690926,0.9889490034251405,0.04615399166932061,13.14449072075112,12.935941796177614,33.44678791291628,18.314885443933075,-1.6461203817678611,31.77106608039914,4.539822471546414,19.127723461454455,31.77106608039914,15.69601725655734,-26.481442793623074
33,x,30.798596189244098,36.80917544171115,2.113126324662999,2.331659737619714,135.12912363135487,2.08037324155025,23.099944268987585,107.76929320255562,2.08037324155025,5.210431995205771,152.57800196778743,0.9954131029618666,0.9916495597691211,0.9999672313313179,0.9999545443282206,0.8734945194329408,0.9999728840044018,0.9954404781259256,0.9673806593381232,0.9999728840044018,0.9997670693303332,0.8819511399877303,17.868802538582578,16.320299192280324,41.140911764581816,40.28611750159116,5.024441767861127,41.27659578975022,20.36720232947672,6.989520280211408,41.27659578975022,33.30194633163159,3.9695825028530045
33,y,17.418417854060355,38.365432168908725,4.79670971960276,68.96504292943563,192.71711743444175,2.3945006541967206,1.6679723961908997,33.69242234211307,2.3945006541967206,8.92510702771724,122.02495068443194,0.997151845852887,0.9853887940721088,0.9998002808013865,0.9586980590825731,0.786781307714512,0.9999512838490979,0.9999735235764518,0.9922178598630004,0.9999512838490979,0.9993012707697895,0.8969641766599579,22.229291406001646,15.370663606597114,33.4305967554119,10.276885282738505,1.3510596788104063,39.465166299798874,42.60568831877036,16.49882077976814,39.465166299798874,28.03719684503671,5.32049268419857
33,z,18.57688419449343,19.73959319264811,4.235523650062149,8.231651835650668,90.06894041915461,2.4735830756110606,17.37806118558271,41.328102164161464,2.4735830756110606,12.661283795284378,103.86695855873934,0.972813895746243,0.9650004487166253,0.9975996710122617,0.9906680287299137,0.6168178821723704,0.9991126953975875,0.9798860963446782,0.8687550916359804,0.9991126953975875,0.9804568429544104,0.5538746824078538,9.91353910960719,9.38623262157627,22.75485436377297,16.98325671904711,-3.798504488522103,27.426466569558258,10.492970145676573,2.968087336840095,27.426466569558258,13.243441718112818,-5.036551709968592
34,x,26.53212067550913,33.69985041220535,4.983548996539306,2.1302733220664263,253.89094581219214,1.9092289173998274,2.5536789281581695,70.56197004737096,1.9092289173998274,6.5463193073715225,171.42073466711685,0.9976434838390787,0.993675705823647,0.9998654350973217,0.9999820776679317,0.5968345519787831,0.9999823283550024,0.9999663291190682,0.9860902673244439,0.9999823283550024,0.9997469335849338,0.8485790030419845,19.163981693261675,17.08686150938109,33.688646322697046,41.07071439920489,-0.45352329749880843,42.0222608993753,39.49609511392816,10.668007021108094,42.0222608993753,31.31947727356795,2.9581539307402354
34,y,16.498959182073126,11.660310324167833,0.5833060400152851,29.05371657368608,219.41152355853097,1.8416166523410742,1.871252396710342,138.97622661826773,1.8416166523410742,9.871904052792441,80.8028221385739,0.9977642360689465,0.9991945267812817,0.9999981698541823,0.9918038183985326,0.7914924788300217,0.9999784847672226,0.9999781320595788,0.8876573078779686,0.9999784847672226,0.9992506403675943,0.9521326300631652,22.700334538256737,25.715263325104768,51.73153603074145,17.785431589168482,0.22427683816308797,41.745480834451875,41.60681810846179,4.1906551833332975,41.745480834451875,27.161446986305165,8.900934914190422
34,z,12.781993576193603,2.7432922142037026,3.6725643612111987,3.437288554959235,16.59242408383777,4.5906678234333,3.983108579803119,204.06847357870225,4.5906678234333,9.784869954546776,8.351295607204852,0.9763800520850425,0.9990775040356759,0.9986549598771253,0.9984917278180644,0.9626023042015271,0.9974756587000343,0.9985246764221241,-0.04953419660610854,0.9974756587000343,0.9867182221771583,0.9898407106593252,13.161024686188822,26.527555166927318,23.993608275538175,24.568676745096205,10.894799799820694,22.055479210250933,23.288553675860896,-10.902521734661006,22.055479210250933,15.481895424048721,16.857919455381616
35,x,22.706256510842348,30.057082210303605,2.6258660445064517,2.2530615976772026,331.18945117733324,2.7042042459564177,1.6254611590367265,39.6836334179275,2.7042042459564177,3.4977744351255806,98.10560560118199,0.9968528374593114,0.9935804301616465,0.9999420279082119,0.9999672933964374,0.6350582331151844,0.9999446010638138,0.9999818897046889,0.9906688215188559,0.9999446010638138,0.9999230033741547,0.9343503329823443,20.516510176987467,18.08048458807986,39.25396962589291,40.583959665748125,-2.762108937838745,38.99863116464234,43.41988904498501,15.667192389030141,38.99863116464234,36.76358498745739,7.805544511779429
35,y,26.185418235240707,49.261138460077404,2.98827474913309,49.931298895704145,206.33616926485954,2.1852081640555774,4.782938732687267,106.8938037079773,2.1852081640555774,8.87336330824576,89.34523128217943,0.9962197404184032,0.9788296094067884,0.9999275809318505,0.9825496485462674,0.7207092412599446,0.9999627001382856,0.9998530428080556,0.92909920342314,0.9999627001382856,0.9993223199326157,0.9602748411521947,18.688275202961506,13.199376610934495,37.54105499936042,13.082008224627607,0.7579582327419314,40.25960921256247,33.455569144648074,6.470414874908668,40.25960921256247,28.087700230385003,8.028037952424258
35,z,18.07703044732097,18.032085355891816,3.2252702829054942,5.70809689049671,105.56023211184578,1.9752377300364212,3.343083691085241,4.8395819288423905,1.9752377300364212,12.881073395269405,57.975198525544826,0.9672791302234085,0.969260808997154,0.9984808310456244,0.9968516076887498,0.454038486385219,0.9994708627894391,0.9984600327678228,0.997393765498849,0.9994708627894391,0.9802143464281716,0.7243005116553337,10.150454795006471,10.172077495914538,25.12167428356779,20.163169858888693,-5.1770101448093175,29.380609131472546,24.810051607213495,21.596839657431662,29.380609131472546,13.093955488981287,0.028151695696366687
36,x,48.73115371782575,48.35768914759608,22.48692143998171,1.5523233170025263,251.8670104242745,2.104461505233527,2.8074676264641067,73.79587450743534,2.104461505233527,6.271055035959282,160.48577307761613,0.9899871269417437,0.9902956500720671,0.9967047736319974,0.9999903882749758,0.44955084477220303,0.9999628997131816,0.9999434605263686,0.9673408557045747,0.9999628997131816,0.9997288968872242,0.8336897571535599,13.883287101854073,13.950110187689829,20.60082091873118,43.81977735279753,-0.3840047737060934,41.17660125071516,38.67312583141982,10.278779298617174,41.17660125071516,31.69260872689112,3.5306901992528545
36,y,97.99456998761644,100.26058852952815,1.8028648169088008,50.33949286909777,306.4226754061896,2.775937662304119,364.88520040911686,157.61158710699155,2.775937662304119,11.346158813739034,320.78326798522403,0.9487879661342751,0.9447266681294811,0.9999806640739751,0.9818260588896158,0.5274433023403869,0.9999485620871954,0.6072747617281721,0.8564343932288901,0.9999485620871954,0.9990438029263218,0.4992604030503738,7.225425270198745,7.026860508574649,41.93020223022199,13.011288779263108,-2.676952502035977,38.181271316796625,-4.193659477965717,3.097702654659197,38.181271316796625,25.952488337414685,-3.074768648724156
36,z,38.54058923291774,38.25287702975954,1.3655171540160913,5.360974874706125,33.304235614066876,1.4632693518393536,29.355040189946173,19.838668417277436,1.4632693518393536,6.718122593945264,127.05908236614557,0.8801275502866711,0.8822747849643098,0.9997375213664551,0.9963794282662571,0.872443546646416,0.9996866349858677,0.981060710214768,0.9771392240287902,0.9996866349858677,0.993437369307656,0.4294835607212492,3.574629582419097,3.6397144980688005,32.587053380376105,20.70812114877874,4.843007178234199,31.98651105721943,5.939342999078715,9.342746211131574,31.98651105721943,18.748038091401373,-6.787117704616314
37,x,49.050910536623086,48.71788987348015,2.432125718117029,1.0358049946468697,78.03953297740841,2.240009674899277,4.851566683691684,43.940343544212844,2.240009674899277,4.491739999206232,175.74179958701458,0.9865152521893262,0.9867739156266129,0.9999494011023538,0.9999915386838057,0.9493268710297855,0.9999572769390628,0.9998692243880496,0.9870042849211073,0.9999572769390628,0.9998344664095051,0.802348741177627,13.826479498940241,13.885651584554537,39.91970056898608,47.33386095467692,9.793127737280491,40.6344230894597,33.92178087098226,14.782152009816249,40.6344230894597,34.5911287812021,2.741919586910208
37,y,44.60861115476617,5.601325660909786,1.5528597041771175,27.852979461697124,353.96641305830764,1.6581812054648206,3.570890658078204,74.51775396178024,1.6581812054648206,6.47735275682768,100.01231742751095,0.980410359151524,0.9997522754588457,0.9999827137827865,0.9924904946361058,0.49719514897725203,0.9999804767085886,0.9998890074228816,0.9727921609334512,0.9999804767085886,0.999709160433661,0.9126134308149083,14.061091458015163,32.083649035001535,43.22682109228169,18.152032322034994,-3.929775597973031,42.65682573327815,35.993934457479554,9.604270373232838,42.65682573327815,30.821514512653927,7.048395688151699
37,z,22.995432012660288,22.58948775344783,16.93120268245762,3.1650015937678213,27.076245902202718,2.8361541081991386,12.251108886424767,11.40248582228838,2.8361541081991386,15.044732459604123,184.89827950509647,0.9439889982060117,0.9491318264629474,0.9593345744621428,0.9985364900404455,0.9023116651436275,0.9988622544278781,0.9937497483241402,0.987834801869549,0.9988622544278781,0.9689072507601336,0.20884169674771044,8.060165124609966,8.214868928611,10.71924041203129,25.285517924266244,6.641227592455446,26.238400076685533,13.529488588397722,14.15300576686323,26.238400076685533,11.745307203433413,-10.045660815385034
38,x,32.72126538621407,38.28909594039483,3.2734225381548954,2.243206578698445,272.48014356333033,1.0987504462918,2.287125055441301,60.41041212527251,1.0987504462918,9.796321508533927,181.2782340709742,0.9958278221655692,0.9921673082238717,0.9999230333690565,0.9999676305200692,0.48478613966875145,0.9999897383784784,0.9999566106359301,0.9857367120180192,0.9999897383784784,0.9993869804636006,0.8687875015886426,17.342819167333467,15.977918728475597,37.33937960590509,40.6220355726776,-1.0672762170262553,46.821439682052315,40.453622739475236,12.017185001022007,46.821439682052315,27.818160373079724,2.4725077348708213
38,y,53.14467461599806,51.880060991835535,1.6054081922396086,31.26169091669385,182.95515145959814,1.5071460160765124,1.8262712347688512,108.0835704875061,1.5071460160765124,5.1221187574928,161.93914227175338,0.9766925918378008,0.9773458262520773,0.9999780437527159,0.9910531902060018,0.7372412264053807,0.999987639634583,0.9999717691270441,0.948831970764476,0.999987639634583,0.9997936952176408,0.8733312812823405,12.54027045278232,12.74945594077363,42.93775600426021,17.149216202112314,1.8025726523443062,43.486358902649215,41.818159926761126,6.374271841321983,43.486358902649215,32.8604726311091,2.862428807258554
38,z,29.99458604298213,29.115953409655383,10.548470662521236,3.4470602788270863,61.650977465639656,5.170145444547717,9.237138579812818,11.823568963349041,5.170145444547717,15.159299154025625,109.85120445234573,0.91117283112491,0.916833507132255,0.9850344335343033,0.9983483821505658,0.7024961410936713,0.9963512645893409,0.9878167094936064,0.9842242962933578,0.9963512645893409,0.9697632622961125,0.534458275495753,5.752139133369275,6.010376269891188,14.829206598162003,24.544019025349606,-0.5058027478120293,21.022941371770223,15.98224740204368,13.838024808723862,21.022941371770223,11.679414116766665,-5.523099876004829
39,x,68.28662484309687,70.14538145641973,2.3289145280741117,1.3353183527873045,1.720306430210054,1.6260913816694889,3.5849711583334294,189.77373686246568,1.6260913816694889,5.794816720712275,365.31254629345693,0.971966497892421,0.9686437763181844,0.9999534035480195,0.9999849407833304,0.9999749483754017,0.9999774310876093,0.9998964749365509,0.9123146924225823,0.9999774310876093,0.9997135722593777,0.6273640416510803,10.952708018360411,10.719439345851052,40.29634997018612,45.12772461088568,42.92730471851337,43.416522010784846,36.5497076507493,2.0746987830302226,43.416522010784846,32.37862687995157,-3.613870785804805
39,y,53.58399455001505,36.91286158106425,1.2821865398760521,31.52855813562761,157.93107548452872,1.30435258986519,1.8941875199474771,24.267566895698742,1.30435258986519,3.940925972613144,459.434833197609,0.9722779230078529,0.987394835304984,0.999984504750603,0.9901493836799949,0.8449605733787575,0.9999840186966847,0.9999675250773973,0.9948064230641586,0.9999840186966847,0.9998607802699605,0.43654580169311596,12.46876377994518,15.705911217649257,44.890441231631364,17.07538329958731,3.0801136433132608,44.74156540357623,41.50100608261251,19.348940791045504,44.74156540357623,35.13749995961036,-6.19501288410333
39,z,41.00354162059812,39.60952664010658,21.551108730945156,3.7633608572634345,4.751664609952087,3.843167588010269,2.245918853418386,384.65051853417697,3.843167588010269,15.784109454061596,273.74864446956764,0.8247019688520448,0.8406710674293375,0.9387695805217967,0.9979049274608502,0.9966634055418584,0.9978231142895028,0.9993411688941661,-0.09684025205823221,0.9978231142895028,0.9655147329492633,0.20376593551170288,3.036569187461744,3.337003538587901,8.623604224411496,23.78147931524527,21.75608100629113,23.59921012432263,28.265115368145402,-16.40832985943288,23.59921012432263,11.328594908272354,-13.454042961655773
40,x,71.27738107380942,74.454221288279,1.941577577916601,2.6387041709743166,85.42443205340696,1.8653005103316889,4.451001399617171,75.04446289396317,1.8653005103316889,5.320801991171728,286.61486454070007,0.9838965440218271,0.9783094034351311,0.9999794218474786,0.9999480588707483,0.9409456617201202,0.999981892257532,0.9998606517233732,0.9698975826571169,0.999981892257532,0.9997748879032904,0.8149591428943531,10.58038628866922,10.201634457107364,41.87632601266688,39.21160690068018,9.007778970493604,42.22444479076784,34.670266354806444,10.1330478991261,42.22444479076784,33.119879024744144,-1.5065532324363784
40,y,83.06906448885805,82.30362110060271,5.700397592763593,83.95126740466486,32.77302589271088,1.4699373823990012,69.98474738935445,30.19559756868396,1.4699373823990012,6.949812826722527,268.92898662510675,0.9629149414349104,0.9620874628154177,0.9996821800120022,0.9421442311833128,0.989374250192981,0.999979536651585,0.9849191175466806,0.9925125595280127,0.999979536651585,0.999532917683314,0.8395271312168615,8.660679109735792,8.741086635934304,31.931362540234865,8.568920359867468,16.73913467836957,43.703488806249126,10.149397513404745,17.45059292671318,43.703488806249126,30.21000333500147,-1.543286806804228
40,z,16.27420978518783,15.48667238086767,4.572554809188585,10.441253088369146,96.95245544895116,3.615986649766716,3.822842363226021,20.719840616744683,3.615986649766716,13.00751814189331,119.39811622684724,0.9660722279947388,0.9712700657180792,0.997176982113742,0.9876484276541907,0.6055038719942549,0.9981943185559904,0.9982563397447337,0.9362549882125837,0.9981943185559904,0.981215038120207,0.41437868228474745,11.062998384499272,11.493834365429151,22.08981818769655,14.917944127763256,-4.4381796675038245,24.128460217404594,23.6452687843415,8.965268377958957,24.128460217404594,13.00910777941466,-6.246952912351892
41,x,12.586582734927623,11.24116907504948,2.727872641344126,1.7951590230761671,171.26159559801147,2.7350044305053696,2.6382120789890493,110.69421945474845,2.7350044305053696,4.460434620942663,161.52887799467632,0.9994825967087222,0.9997069576287434,0.9999620863906892,0.999982498866594,0.7730181169136857,0.9999599498872883,0.999975659976804,0.9148160022180267,0.9999599498872883,0.9998811784362673,0.8602667103010804,25.6412642739666,26.623191372624596,38.922939168560944,42.55736244508667,2.9662212535557915,38.90026028783418,39.213226883444975,6.756922126780677,38.90026028783418,34.651877410582486,3.474417443645038
41,y,64.70222025076903,66.48963478722912,1.0062355311305735,29.30725612495434,162.37862498219036,1.88033023771685,18.158551867704038,929.3636125077346,1.88033023771685,6.243880543737316,153.80266879062933,0.9736263645687816,0.9721521656294629,0.9999926119774555,0.9923475869087652,0.8514227344948544,0.9999666901346864,0.9971978574063018,-0.04403289682206398,0.9999666901346864,0.9996479329805081,0.8628655220298046,10.831081826429871,10.594386550926664,46.99547252821862,17.70996230502727,2.8388883106056757,41.56478290001302,21.86784128296095,-12.31424778934141,41.56478290001302,31.14037378716052,3.310188071873797
41,z,26.948519032469605,27.54457376880608,6.609674150336419,3.150170488767333,103.79954159863465,2.380781178482173,41.62013690158064,10.300146557793592,2.380781178482173,17.557385132881592,453.51175908048134,0.955031302649056,0.9500459372233618,0.9948939492081397,0.9985477115015615,0.5917459602793652,0.9992156726645064,0.9025318617030108,0.9902709887826647,0.9992156726645064,0.9678144263225219,0.11035146652630927,6.682298518455059,6.492275457466812,18.889395589735756,25.32631541209254,-5.030912126354183,27.75860697483397,2.9069264970475124,15.03612850121691,27.75860697483397,10.403799869654984,-17.838774461577753
42,x,31.22188312001094,20.674086596222534,1.4940904479023291,4.479559750925067,133.0463186561926,1.1212164506530347,1.7022274638280623,304.5099491457223,1.1212164506530347,5.126848424152783,274.6686486653157,0.9926948804745085,0.9971539842741153,0.9999819775479827,0.9998655251992749,0.8617965782786159,0.9999913167087471,0.999978527226527,0.5857307352941638,0.9999913167087471,0.9997832590109796,0.6390375286443954,17.750239099727267,21.330894350878687,44.15188318766431,34.61471429507117,5.159363726105525,46.645631748381895,43.01906910841097,-2.032608763275132,46.645631748381895,33.442411418429685,-1.1367608450935993
42,y,26.053090752689876,24.755096126304704,20.07220133662877,87.01693076006055,235.2875818933905,2.652420953211228,2.875874776383312,92.01195844656169,2.652420953211228,8.570810562519496,375.2160857891062,0.9951468272716222,0.9960773760999889,0.996611281435531,0.9341740423235003,0.6512243062012077,0.999936870385841,0.9999215281100037,0.9525765158898652,0.999936870385841,0.9993662565799593,0.5525454155019608,18.732280454652216,19.17617315890599,20.997565408997858,8.257390282468286,-0.38251462766761424,38.57661649982171,37.87406606585974,7.772580007895491,38.57661649982171,28.389027577287578,-4.436163472162987
42,z,11.99733722004256,14.98173466544741,1.7096794360863445,5.8363405888074835,38.358690911036845,3.166242371978415,2.6096216273683828,185.87520085882144,3.166242371978415,11.98784088224819,565.1472054938305,0.9857141825549195,0.9725559971460247,0.9996590388049382,0.996630793167772,0.7685333238037247,0.9987477784415955,0.9991031472058807,0.3394005632048686,0.9987477784415955,0.9800695504225538,0.1518426232785354,13.711299262524594,11.781754560900296,30.63470282402088,19.970184027270804,3.615721038488621,25.282113455002744,26.96144572623783,-10.091432431474445,25.282113455002744,13.718177189051218,-19.750235104174962
43,x,46.43696965215134,52.25098875390355,1.6224236117956876,3.190282396928709,277.49592521285706,1.4833830804733623,2.392583841933901,88.9225952356041,1.4833830804733623,8.033773270924604,169.8100321736727,0.9917959326112223,0.9862827208151631,0.9999785004937882,0.9999415358283704,0.7743089159631007,0.9999813867577084,0.9999577118756514,0.9301707126102925,0.9999813867577084,0.9995996308009043,0.899301576668549,14.302143548978371,13.27753071002469,43.43613580843882,37.56283842031153,-1.2257112336145959,44.21435454925834,40.06207766280947,8.659178386910035,44.21435454925834,29.54102955346034,3.040154086442608
43,y,75.60955959220072,71.18825571440868,1.785543968512323,81.36538200174644,195.5336463962766,1.8392501643604267,2.9693728164464916,64.61209465553061,1.8392501643604267,6.30205179154966,327.450194018395,0.9666943258295622,0.9718251610656141,0.999968799819482,0.9548157026028388,0.8172920728889235,0.9999668303331885,0.9999394882896213,0.9744379919183502,0.9999668303331885,0.9996378192767091,0.6994450499878179,9.477931332287005,10.001298464523058,42.01405451965507,8.840672145506526,1.2250355152053247,41.75664942994058,37.59617093240094,10.843189087735354,41.75664942994058,31.059826140956993,-3.2534395413715487
43,z,12.438980656122247,16.23179626836017,7.206945699315552,10.934066341330432,38.54074891897312,3.4203956640205284,3.1780253124545728,65.55464694757619,3.4203956640205284,11.457795126494144,147.6378396510018,0.9882955611793195,0.9715275464400427,0.9926865525109572,0.9884704320667211,0.8282451661993113,0.9989102208345113,0.9992262316224462,0.7905588913932863,0.9989102208345113,0.9826268142988509,0.4044289238010881,13.397300736238893,11.085664924017173,18.137971587542705,14.517362493181755,3.5745935940595874,24.611469640909917,25.249849545799794,-1.0390730705341027,24.611469640909917,14.110975535409118,-8.09095704766796
44,x,105.89659537899523,109.59227569509092,2.005545957725286,0.993522889597104,21.441248767866234,2.5469594445433055,25.82762761296943,222.17482683360845,2.5469594445433055,6.201522215252865,541.7291271464227,0.9401716033850824,0.9324524061596837,0.9999654867314376,0.9999916610510089,0.9960562462292063,0.9999441762672331,0.995246701316783,0.8006704098515233,0.9999441762672331,0.9996729139611287,0.48931984642611265,7.1417810201770475,6.8438220678219714,41.5947686031696,47.69586342784685,21.01441945840972,39.5189803775374,19.397730650757467,0.7055239648387168,39.5189803775374,31.78945489614732,-7.036222766735728
44,y,423.7077584175931,425.6123691058693,0.3445095597923607,30.661234725846636,217.51834506302262,0.8155290658507707,20.917367845222813,72.67942022541968,0.8155290658507707,4.023674281101147,1427.5371401151442,-0.2893555037480266,-0.29978010558112933,0.9999992299991083,0.9907963938401031,0.6715327748882891,0.9999941909781515,0.9967569405772532,0.9644926250440984,0.9999941909781515,0.9998572600479992,-0.5272925385880943,-5.491862826423909,-5.530819317473718,56.305439947543675,17.31767270282839,0.2995476931267234,48.82067661807135,20.639324824069885,9.821236416067675,48.82067661807135,34.95700915910014,-16.04228282094013
44,z,295.4215014202453,296.0992672673063,5.246003236509464,3.056462211009688,8.664406470343682,0.9140289458625162,29.34424453631327,33.19745443133093,0.9140289458625162,11.797747823979186,1131.9251794660365,0.3153052842619442,0.29708085294788167,0.9959395543219216,0.9986759166023701,0.9890955384747804,0.999879793230244,0.9232708136374524,0.9318071727830177,0.999879793230244,0.9798597347682974,0.14145958781589507,-14.115845435289076,-14.135750068349937,20.896425501372665,25.588615971209954,16.538220225120646,36.073797597672296,5.942537922407697,4.870900916427403,36.073797597672296,13.85701440682695,-25.78335783136864
45,x,177.9405157807466,178.30928707633194,1.6729917718091691,2.876358308556258,468.41941175368595,2.4437422115670793,91.04196408426095,171.7424274969697,2.4437422115670793,1.7252443176264332,591.4098248606427,0.8547358920805084,0.8532376376799304,0.9999772866044261,0.9999495441318638,0.16588569128361164,0.9999696839404053,0.9671301053492124,0.9273824599019745,0.9999696839404053,0.9999764322544331,0.09754942607612326,2.633924070018187,2.6159416998188147,43.16954487175372,38.46256126703032,-5.773276715401661,39.87831315962723,8.454588604564792,2.9418690287225697,39.87831315962723,42.90240885852132,-7.7983497285608525
45,y,40.26620459683449,41.255301656271406,0.4950871003447757,48.664189786577275,134.67229623072308,1.9396257964523138,1.8454708153372719,570.663356009863,1.9396257964523138,6.251737571865879,338.27453475357936,0.9892014955187022,0.9906760293052201,0.9999984070416712,0.9855582019014992,0.8594367251912662,0.99996640768136,0.9999693174683789,0.5813162160187283,0.99996640768136,0.9996353957560234,0.6704181245224019,14.950651582393583,14.739870160470653,53.155833284524306,13.305275556964862,4.463900197928572,41.29510647101212,41.727321869187975,-8.078134221670805,41.29510647101212,31.129450711955997,-3.5359206077267897
45,z,186.9368333958924,186.50703615266232,1.9248478599143566,5.430436657233002,148.6014778500321,2.8974231062412303,9.924766839479135,23.891349937908497,2.8974231062412303,19.079169197182992,711.4130880886735,0.8222833267791583,0.8173527609298793,0.9994948857382829,0.9980434593126299,0.05287820606789645,0.9994623965566186,0.9863435065060538,0.9596897641860717,0.9994623965566186,0.9651719133454881,0.5567277812235885,-10.1409010490676,-10.12090782719871,29.605068414396545,20.596301539639796,-8.147465985379934,26.052758201397065,15.358590329932165,7.728182795710394,26.052758201397065,9.681807396847919,-21.749440430288068
46,x,16.46578572401075,29.73938343288159,0.8961528850104188,1.2833678677210194,73.79261086644945,0.831208227085321,17.533703035231234,88.0478517848933,0.831208227085321,4.120394741602753,115.35793516352604,0.9982078752650392,0.9927512635347399,0.9999931783878914,0.9999871666960867,0.9554693937496265,0.9999941178904879,0.9982549877333909,0.9627357624024342,0.9999941178904879,0.9998559456545401,0.9107724859493983,23.30777178251593,18.172781764998685,48.591778826431096,45.47239774257298,10.279163442750843,49.245224309624575,22.76194803727219,8.745045683749153,49.245224309624575,35.34064448656862,6.3984714949476675
46,y,46.6432722586588,16.101100681670776,10.556995054769006,54.83631948397948,119.25473702279069,2.6298231842482687,23.686754970398546,56.74606623579751,2.6298231842482687,8.364909138487626,327.58931626543455,0.9789023077983923,0.9975601329449547,0.9989458380441488,0.9743443091252609,0.8909235739966279,0.9999355203010881,0.996302141156287,0.9701500560886719,0.9999355203010881,0.9993405276407368,0.559238387366355,13.673685285463575,22.912354186451715,26.57865913807411,12.268099539943563,5.519952719432835,38.650934505434996,19.55935415087627,11.970750287546043,38.650934505434996,28.600240942019823,-3.257129091339692
46,z,5.503875054662833,6.6165962455023175,1.091281904327878,4.941329815729111,57.599646851041406,1.6197792774941089,4.400632536056165,63.22521024311215,1.6197792774941089,4.86168885226393,223.21909015594133,0.996039831532412,0.993824572834669,0.9998372054330689,0.9966453020333504,0.6978988037107977,0.9996126015588803,0.997594745624132,0.7581202479566068,0.9996126015588803,0.9966358793448055,0.24918826789079784,20.47962525974424,18.880303902001373,34.53425750964948,21.41611973663361,0.08460017059522242,31.103879814066566,22.42269447740842,-0.7248090584093472,31.103879814066566,21.557253373576785,-11.68163008703276
47,x,83.5983948590854,83.68869266028128,1.219360122769188,4.338596913763226,71.75400523352174,1.2156413324849396,7.675684403891399,234.61942017801042,1.2156413324849396,2.8453253843038255,373.78900735249675,0.9527912680838848,0.9527164189131097,0.999989033965115,0.999906929164225,0.9635816426195893,0.9999890889250002,0.9995696581046524,0.7353125688787148,0.9999890889250002,0.9999332098737495,0.5257309357666391,9.195462195809633,9.186085299797512,45.916781211559226,34.89243491204154,10.522498012807533,45.9433118134523,29.93707877518265,0.23214182832877345,45.9433118134523,38.55678220367012,-3.8131095321844817
47,y,161.97854116212767,157.54004850111045,0.6907133738312725,120.2606832037196,83.90124908375063,2.267686786623675,36.21156273546707,149.7283718271281,2.267686786623675,8.985430874652087,523.3374302470252,0.838849818528928,0.845066308892026,0.9999965402568831,0.8661436351321385,0.9440454799821294,0.9999496068214451,0.9872131310610541,0.8820638330101185,0.9999496068214451,0.999235638674558,0.47573412377420293,2.8603158357670884,3.101646003676045,50.263508199475325,5.446992165356757,8.574096971303392,39.937804110070495,15.872520150318959,3.543383460101487,39.937804110070495,27.978687350664664,-7.326170450564371
47,z,29.402571958058967,28.819362886003436,1.3102200172080163,9.999077283183627,35.75771284911319,1.9324975047741766,27.61499098055644,46.55838689862407,1.9324975047741766,11.460095010057794,237.64830212949792,0.9643964229592623,0.9634364363747717,0.9998389933418061,0.9928715556276305,0.9331624716196305,0.9997203674391574,0.9590847757409593,0.9356155138687302,0.9997203674391574,0.9855450294226448,0.47950402420529115,5.925290154958813,6.099309073789113,32.946111981456625,15.293798083822171,4.22560193572925,29.57061774853934,6.470098470939419,1.9330380858526803,29.57061774853934,14.109232221800198,-12.225697731583146
48,x,40.816012354825034,47.05400161032762,1.4641796332777175,1.4964202702009712,114.54485912248657,1.6490504402640416,11.986238003179679,506.2930183913406,1.6490504402640416,7.187907492262474,163.0849563301142,0.9939390104882445,0.9902421808111352,0.9999851503927041,0.9999824227931143,0.9686238587415112,0.9999867927739737,0.9991660999118125,0.31274166557461464,0.9999867927739737,0.9998027208192041,0.8102650808521248,15.422809517240111,14.18748971152362,44.32753374117383,44.13834932314145,6.459908923109971,43.2947421754811,26.065763032572637,-6.448617801361567,43.2947421754811,30.507371388912873,3.3911429384393195
48,y,24.36099342758571,21.090807245618716,1.9652059852823005,69.63831200748551,61.28424583971691,2.1773080398181928,4.002473969589642,147.30896601332066,2.1773080398181928,7.908292494418093,224.02683010164256,0.9963265942475049,0.9974446877480299,0.9999650077468495,0.9625990620428022,0.9673017140441077,0.9999558859367768,0.9998549429805317,0.9538846347572125,0.9999558859367768,0.9993876186102713,0.6737675152997866,19.315565608301767,20.567601448919145,41.18130393715957,10.19250078992335,11.302488579135215,40.2910679758342,35.00289517779543,3.6848818776800742,40.2910679758342,29.087811027192384,0.043464824161192066
48,z,16.660472103876582,21.14623010257784,4.50474082023621,5.776369545519878,89.57109520919434,2.5131175089376248,2.705777795991307,46.76656357585869,2.5131175089376248,5.566457064638637,73.29658672704701,0.9754657046163583,0.951692442346526,0.9970678608458443,0.9957182036774012,0.6226968482186751,0.9992762188554072,0.9989798737239068,0.8490932950841159,0.9992762188554072,0.9956397370080041,0.5988520113844129,10.859250510287415,8.788337511812387,22.219600406220565,20.05989719297761,-3.750361104381214,27.288740666989536,26.64715401370952,1.8942874059195305,27.288740666989536,20.381419313113707,-2.00867843282723
49,x,20.560389771371646,19.136547593824076,1.3783589767966764,2.405166871619355,95.53182153900863,1.9030833933075206,1.0433997577548304,83.06494617383233,1.9030833933075206,6.750306992987164,569.7994184877123,0.9971969724346434,0.9976807993534907,0.9999843990084533,0.9999560961998363,0.9252452524636752,0.9999688283445402,0.999990673755597,0.9515636083606103,0.9999688283445402,0.999616468784335,0.3930633696423018,21.378794101893273,22.00214917459288,44.85217419158249,40.01651670548496,8.036459798312931,42.05026458108907,47.2704063406026,9.251065212071435,42.05026458108907,31.052950485992753,-7.4750190619009125
49,y,59.1390492396036,59.21131479645354,0.5842191800600527,75.20692312633817,171.86002076911905,1.6294751836079808,3.2765948952998376,63.02666852689774,1.6294751836079808,5.8981752397442735,207.61222742047423,0.969740232194525,0.9701102431452591,0.9999967024267605,0.9586697493547389,0.8451219699744522,0.9999779299044604,0.9999131638589693,0.9773191125643697,0.9999779299044604,0.9997082597626398,0.7022698711189466,11.611978735891364,11.601371405114559,51.7179492830913,9.524309077643082,2.345968301615535,42.80851048674948,36.74101049402588,11.058978465838063,42.80851048674948,31.635112067194555,0.7044069422484485
49,z,21.009828743705903,20.587902705457125,2.9016819706819277,6.486357513212027,48.34493000786766,1.0328033810509354,4.136581097185203,19.124315633120155,1.0328033810509354,9.1965233991964,103.39868541352074,0.9525335159924414,0.9530642630677113,0.9988055277799495,0.9954359524837775,0.7473075216803989,0.999847485961603,0.9975102176155235,0.969357803540871,0.999847485961603,0.9879065931589631,0.6131965892051658,8.84454633762071,9.020754441415983,26.040000359393805,19.05297893886784,1.6059778689642035,35.01264356530496,22.960165724419923,9.66127852916037,35.01264356530496,16.020522981549778,-4.997303760309536
50,x,50.56574537200042,55.51413018453466,1.1308001898336006,2.629514261804766,199.56054864711152,1.17351925399036,5.299178275558867,243.4728616624514,1.17351925399036,5.3793355549886765,254.6269274461446,0.9864274476700505,0.9832528433369929,0.9999903127734665,0.9999544805933824,0.8551481822076262,0.9999883056966488,0.9998458246391365,0.557750817516679,0.9999883056966488,0.9997971355840305,0.5700011528702832,13.562292703591172,12.751350181312457,46.57170351723741,39.24191035860034,1.6379271864475577,46.24961658203847,33.155250364844754,-0.08959023356342596,46.24961658203847,33.02484825626096,-0.4786656181443104
50,y,145.73935902230386,149.37613908586758,1.1858146358736397,78.84362144934875,154.00566943063126,2.1649230082255837,105.49005147824106,532.0690745772756,2.1649230082255837,8.355217091196337,492.1902587191128,0.962742257902551,0.9456238717954235,0.999989053765479,0.949064593878958,0.7947072831654641,0.999957026006524,0.975997609019534,-0.5008079342822571,0.999957026006524,0.9993426795114237,0.8388121113052999,3.777928398062653,3.563840899024429,45.569129374311515,9.114134218377625,3.2987313230323636,40.34061637991651,6.585235415207714,-7.469894843234588,40.34061637991651,28.610310729940267,-6.7931947801072905
50,z,38.373360903118325,39.58089539759943,6.987726460819198,9.080491455184738,70.50557127146715,2.291601543623239,3.2748214226194863,73.94677867046428,2.291601543623239,7.976442505238121,216.0114388108353,0.8988641463054912,0.8744354401432384,0.9938146787629685,0.9905803274227793,0.6393094132612426,0.9994173810678871,0.999093614074734,0.5879411315525754,0.9994173810678871,0.9919094007050678,0.3986872305497836,3.612399820542498,3.3432842936856897,18.406278667230804,16.130809503547557,-1.6714721310409217,28.090214462829962,24.989244130922003,-2.085388607931531,28.090214462829962,17.256811802868697,-11.396538408270908
51,x,33.36364274522488,32.65186302666852,5.040894343568632,1.4239837712882897,119.66309319966213,2.000396959591981,4.589639738489416,24.28140677696131,2.000396959591981,9.178200135569636,105.95248358516008,0.9924528234904733,0.992850520705379,0.9998308715262831,0.9999854232198179,0.9488684647414803,0.9999662134275319,0.9998668467832373,0.9960843127758262,0.9999662134275319,0.9995334817125083,0.9529583208012946,17.173951728474886,17.36126165208959,33.589269076080384,44.56932017560725,6.08021647509216,41.617097255916214,34.40384902886127,19.933944080035417,41.617097255916214,28.384270502021497,7.137198146326927
51,y,15.776697876043858,15.983366735428794,1.9235400948146046,27.238136577974448,267.7649391472058,1.422302172701053,25.81213641178383,106.2442225687653,1.422302172701053,2.6084514360484667,27.576587263642207,0.9977121488206936,0.9977031266691858,0.9999737166910141,0.9929237508786145,0.7605518070752108,0.9999845569535463,0.9948172019535773,0.8955521558808589,0.9999845569535463,0.9999453446333643,0.9954263218795997,23.08914332306335,22.976100212864438,41.36744063453854,18.34591763648105,-1.5056087065109183,43.989628031126,18.812986468479135,6.523359041221529,43.989628031126,38.721810390989276,18.238655118071335
51,z,6.8764046073260525,5.632550887877789,6.5977776947995705,4.947073016477279,13.954137347343906,5.132139952258072,5.13284707071588,12.18652228835253,5.132139952258072,18.21583308924495,263.63451133390606,0.9930633414903407,0.995746848139214,0.9942193497795145,0.9970299857325857,0.9723978433840751,0.9967298641993129,0.9978563371384384,0.9854329038121262,0.9967298641993129,0.953460497698657,0.23862723794515117,18.54576813252281,20.278894103338274,18.905043018026085,21.40603017731373,12.398936718715976,21.08702676573074,21.085830085621655,13.575400842750343,21.08702676573074,10.08401582106039,-13.12704864255782
52,x,37.543147541829214,36.72539306728108,3.978684964577356,1.868837461323131,126.35443972226724,3.0768869500763096,17.145968047457913,138.37767931371673,3.0768869500763096,4.030476147691702,231.61958397297502,0.9916679187920643,0.9921975921773429,0.9998857208042478,0.9999788205215401,0.8672962890922981,0.9999389884154806,0.9975734801533023,0.9782174740205739,0.9999389884154806,0.999891789457886,0.7089448053399884,16.148807368018318,16.34009191800287,35.64462991719213,42.207990350472556,5.607610844715646,37.87719017489737,22.956180770582932,4.8181001133456665,37.87719017489737,35.5322938647939,0.3439154274646449
52,y,46.371909173510694,44.887885169223836,0.6447652603565098,33.732974683154616,218.70759194231073,0.999400364171825,1.67680771074472,159.15802497237266,0.999400364171825,4.6229208185767465,53.104906040585846,0.9793445640314856,0.9808513731023499,0.9999962353000289,0.9908507797293918,0.6390172265381895,0.9999904565203256,0.9999797852842544,0.8448318831826221,0.9999904565203256,0.9998085114116783,0.9813758676108373,13.724365969203191,14.0068826064595,50.86143290345298,16.48837269293847,0.252188323310841,47.05467543324013,42.559800252485914,3.012894675423008,47.05467543324013,33.75113640237488,12.546772604999575
52,z,19.17490581272809,16.740665140414983,12.460942449554125,4.294794779985368,93.71224828392663,2.504434616433094,2.5634371429366714,6.630392298161497,2.504434616433094,14.683906037395998,92.34603022357778,0.9609649487177176,0.9743529775829612,0.980038649981465,0.9979448920067336,0.5443598426728686,0.9990813173031887,0.9992590644778024,0.9937095968521787,0.9990813173031887,0.9727682745639497,0.5789945692675191,9.638331797826066,10.817542397272732,13.381978780210444,22.63414825351646,-4.142930561153696,27.318802625264475,27.116543130443887,18.862212086828873,27.318802625264475,11.956164649562444,-4.015368028830347
53,x,14.421643805365346,18.1803646933489,11.766514168253737,1.9568338890135997,130.22967432838604,1.6609322014924999,10.516143730850898,32.284730560484206,1.6609322014924999,3.6677197626231965,96.19081214010191,0.9982900457669267,0.9973997972856059,0.9988812487952652,0.9999675438536477,0.8689978694722129,0.9999770355492366,0.9990676554566255,0.9930310301175742,0.9999770355492366,0.9998903570354957,0.9264494418156053,24.459125674035622,22.44736915559959,26.226464530012045,41.80834175184653,5.345221881762723,43.23238286959001,27.202290706637502,17.459477646650356,43.23238286959001,36.351498064249554,7.976749141668
53,y,44.23538545233143,14.570026599200348,1.7881518268134116,31.645369850162897,131.96409449855193,2.099402648905678,3.672837539793694,776.1678753136716,2.099402648905678,4.9378127992766,433.5030150573589,0.9806316917199969,0.9979095611871593,0.9999687864651582,0.9906964438499833,0.8716122537300285,0.9999565695443269,0.999875013262288,0.42819313930441,0.9999565695443269,0.9997661568551429,0.46153048980595274,14.134069182014073,23.78025860795656,42.001377686083856,17.043261984685614,4.640349858482949,40.607550683731674,35.74943112699458,-10.749647776215387,40.607550683731674,33.17877307883711,-5.690376947270278
53,z,12.486126873948093,4.970835810352665,6.471264341375248,3.3794934174452003,33.22070774669273,2.8997190554423726,1.3291854638833354,20.250868527806993,2.8997190554423726,14.19469734200575,158.73070862843488,0.9772373999914968,0.9964606568297926,0.993976570793978,0.9984795507879424,0.8523643787978478,0.998851621246746,0.9997571433627366,0.9651274191464636,0.998851621246746,0.9704588486057678,0.37632778614675505,13.364441713843387,21.36440821775516,19.073213776035367,24.71596448791171,4.864818973399149,26.045878134680667,32.821284922380386,9.16412350209263,26.045878134680667,12.25047384570585,-8.720222516717035
54,x,36.25886622617572,39.63587901827395,2.012403032068075,2.3050758401054914,3.683285113878164,2.075667407433342,6.60958869272011,225.754300728279,2.075667407433342,3.2194962281838007,128.7537299493581,0.9942050584652746,0.9917144718642993,0.9999687304702782,0.9999581833706168,0.9998876576299517,0.9999660328401263,0.9997591593580334,0.8084418704957996,0.9999660328401263,0.9999149388566413,0.9226585031209535,16.451136570264758,15.677651089102762,41.56512171170537,40.38571659503081,36.31471421564424,41.29626565186888,31.235932278360444,0.5667003200622285,41.29626565186888,37.48366255916157,5.444224586719262
54,y,15.925748748017908,7.446453580217336,0.8979668936040266,35.75016420739246,258.93909851083436,1.4656900884075028,16.208578177155342,154.7786818635766,1.4656900884075028,7.489802397706522,74.94327067365656,0.997563392623438,0.9994960980433507,0.9999921592969283,0.9881944153351421,0.6884308264474398,0.9999838853119566,0.9978604944708902,0.8810991079985888,0.9999838853119566,0.9995473627854843,0.9505363404776622,23.007468304155,29.610475769612236,47.98425899403175,15.98390468162792,-1.2144871332595337,43.72862248072153,22.85456709969047,3.255242624984106,43.72862248072153,29.560058301891413,9.554812647468294
54,z,13.97683799809258,10.305978313241573,1.2930153082338502,3.024733441139163,50.492924375063524,3.2994998661621926,3.976388261187586,44.51178815613115,3.2994998661621926,12.612309178968827,50.876944913687886,0.9723475668555979,0.9852610105017611,0.9997773045470766,0.9987928258331387,0.7125403949267392,0.9984364342244615,0.9986585976122692,0.7636736528157767,0.9984364342244615,0.9770727166183538,0.8298697718373006,12.38481795715527,15.031212100303403,33.06092325322075,25.679254427864944,1.228386100118435,24.924034283563792,23.303220924523398,2.3234957574058717,24.924034283563792,13.277104414608715,1.1625760917339172
55,x,70.31396534513829,70.94111990514725,4.033297548576717,4.299122412155261,360.6980782937042,1.6905263637182362,45.64884680408544,35.795403156016036,1.6905263637182362,12.702437127714385,249.7521590965274,0.9856625426377684,0.9835775421601076,0.9998894234526052,0.9999148397365523,0.5831057109732651,0.9999763066079143,0.9822311777181673,0.9919094109747648,0.9999763066079143,0.9990281988535118,0.833351804539403,10.698589159820012,10.62146016897505,35.52621572355751,34.97182474598619,-3.5034555985767426,43.078982012401596,14.450824757306918,16.56287580877846,43.078982012401596,25.561679891868234,-0.31076405568734194
55,y,140.19937986167037,141.36133921124048,2.2778743037604894,110.8069754748933,296.268860327827,0.9518597591545007,78.01333745819952,455.9539793307301,0.9518597591545007,2.417508671001658,475.2292755878775,0.9305697104888141,0.9265521013272708,0.9999701936596063,0.9345273681472179,0.6776275825292879,0.9999939781668897,0.9398769167288382,0.36089509355800875,0.9999939781668897,0.99994634486855,0.5791623630199131,4.1145436476779365,4.042852482775638,39.89887039168699,6.15812348483437,-2.3842546369382593,47.478006161136975,9.206088346789347,-6.128954706751484,47.478006161136975,39.38210469114616,-6.488598233087184
55,z,44.39519993009866,44.15858128388199,4.494934311389016,9.590871671801693,113.55084902708431,4.520457295351575,7.4959249928121805,14.687799392638048,4.520457295351575,7.886564457591579,135.9006579277297,0.9189538377708104,0.9173308151173402,0.9982116432308838,0.9914935578883579,0.4515668997464809,0.9982418139270035,0.9917827287978014,0.9732581331363709,0.9982418139270035,0.9956682481096104,0.6920371676158971,2.346276262441343,2.3926943444364617,22.23852959778528,15.655834983914191,-5.810811131119329,22.189349168609485,17.796491941615393,11.953861939954194,22.189349168609485,17.355239441274268,-7.37143460002947
56,x,52.71276756414727,52.4727841096652,4.60518643131967,1.6485093662101684,120.46493937515083,2.747329860896934,14.394375366412463,134.54137411126524,2.747329860896934,6.44411398349686,178.78446577878242,0.9819511869238029,0.9819896222084241,0.9998327890983127,0.9999800726504445,0.8973332372466748,0.9999372277598066,0.9983999717124701,0.8683220424398552,0.9999372277598066,0.9996458016697274,0.8368501860292963,13.20110460255453,13.240738818171343,34.37447664392445,43.29759259205333,6.02220764372483,38.861204840718194,24.475564497221654,5.062303792759301,38.861204840718194,31.45615669940483,2.5928253491631628
56,y,35.66400980646571,14.664938520551953,0.6082853297032492,35.509788116056974,239.69087463394948,0.6438098915917109,3.988100316120159,99.15065337796783,0.6438098915917109,1.4694301161281105,77.40149823881279,0.9906438746703194,0.9981941720751021,0.9999967606923671,0.9887084349117068,0.6406499231204845,0.9999960856499475,0.99984955836424,0.9227464053353865,0.9999960856499475,0.9999800478394016,0.9440862007428041,16.004862089359904,23.72386056765226,51.36731865023251,16.042503882218067,-0.5435645026031037,50.874312601098325,35.034144021227185,7.12355389157436,50.874312601098325,43.70648677019343,9.274478154842923
56,z,37.23068940994459,37.46855247650433,2.2171356353333875,4.793350955842252,75.8913621633409,2.2408490109738524,3.7023918571298595,33.45841972781919,2.2408490109738524,12.623619007513406,141.4882635416509,0.8420890298113207,0.8375952781651023,0.9994233316059582,0.9972973758055607,0.5707693033389221,0.9994122687716704,0.9985441849367783,0.9087627258273429,0.9994122687716704,0.9812992021304761,0.26874480933640876,3.8749750205625153,3.8196582790275273,28.377151339284072,21.680212025369915,-2.310850374533807,28.284744692428816,23.923348943091902,4.802888085604795,28.284744692428816,13.269319012113144,-7.721411746918356
57,x,29.166122723960072,17.811831376768648,2.955901404569396,1.4218437867889993,63.99375864472269,1.820261030879494,3.7649411876998022,152.6506958681308,1.820261030879494,5.382475432075481,78.55251984571453,0.9935372258398303,0.9978235066145943,0.999936893651613,0.9999828058452255,0.9738648458317174,0.9999750628966286,0.9998797989501003,0.9349016799252188,0.9999750628966286,0.9997660767616974,0.9474516528181339,18.34184699438045,22.625249470808004,38.22562209423158,44.58238328102194,11.516668591536774,42.436747540145525,36.12425704257786,3.965445203757887,42.436747540145525,33.01977984785654,9.73621854957819
57,y,14.99575212655496,9.881952695170067,3.163027489483936,28.23247470519396,74.06819256100175,1.88545878196398,1.2773579127027206,152.672142041568,1.88545878196398,4.5942194614101375,229.08895474021824,0.9979015029034691,0.9990541169291415,0.9999013301681388,0.9923220452396552,0.9603955580651884,0.9999752731274043,0.9999866926443999,0.8513398384700004,0.9999752731274043,0.9998360513242381,0.6928179419399517,23.530100438334184,27.152610088544215,37.0474061737823,18.034486546269058,9.656830561049148,41.54112464585077,44.92321344814357,3.374269521755386,41.54112464585077,33.805230756807575,-0.15061751330403927
57,z,13.740010491786503,5.529134290269327,10.966834930127442,3.224321680340511,38.550421358323106,3.790916303100574,1.6132819866713606,20.108625717797143,3.790916303100574,16.362970330916347,208.73703670283362,0.9745115514016633,0.9966782582870053,0.9830343485120451,0.9984879213749254,0.8523087683528655,0.9979348323950735,0.9996957054299771,0.9759347927824152,0.9979348323950735,0.9655404768183552,0.2452552813191929,12.53325529823593,20.439853823088022,14.491370452511596,25.12422931566785,3.5724139996685924,23.718112664030325,31.13879089207924,9.225348772044065,23.718112664030325,11.015753726569887,-11.09899369065581
58,x,42.78543676093607,40.17970449949445,2.2729768754450745,1.994173813996711,161.23025728319558,1.757290324349572,11.719628568132956,20.11883989309647,1.757290324349572,6.835944280915532,142.24313030564593,0.9877122716798593,0.9895524247560985,0.9999631474592776,0.9999693048130999,0.8586172696619083,0.9999755665664223,0.9991048803310517,0.996520886257264,0.9999755665664223,0.9996553065175176,0.8972456204571347,15.013501577753473,15.559286203386172,40.50752062430706,41.644160789214915,3.4904900315297316,42.7425506155118,26.261144016875797,21.5673622815843,42.7425506155118,30.9434506882727,4.5787949491123126
58,y,82.75012676360029,82.99356406526928,2.138868011823611,29.152179669926433,107.17343700795254,2.4084647844998153,18.54384983859762,77.06486765326731,2.4084647844998153,7.736110391584819,244.59454535293696,0.9419000316011503,0.9414993901681997,0.9999549690003325,0.9920771728696878,0.8984693790776895,0.9999429141136031,0.9972894919605201,0.9618737792490154,0.9999429141136031,0.9994211815139077,0.6697501003068167,8.69409214568501,8.668577194907801,40.44578579314985,17.756044861762735,6.447722328808487,39.414659487701286,21.685467462950058,9.312336762145016,39.414659487701286,29.279012333441088,-0.7194698536989497
58,z,54.88691701402806,54.39220592501448,3.2276539405758116,3.9800244013434156,36.56905211804578,2.4715127690684384,8.057382643665402,9.806580204318099,2.4715127690684384,11.021165410197323,269.504978149225,0.7675742103459983,0.779700640507416,0.9986810132766513,0.9979060920967121,0.8525516660714743,0.9991606016706825,0.9912696169545175,0.986380437816453,0.9991606016706825,0.9826847523781286,0.2646148066362012,0.5036198403635486,0.5822631376579984,25.1152572894473,23.295281890780327,4.03072251666061,27.433739413507745,17.169116811173993,15.462644892904954,27.433739413507745,14.448446174999352,-13.318339247760989
59,x,19.736213216048846,29.432698927619573,2.330388231950862,3.3060973118688115,396.48411012228905,2.333889269494656,3.286504105618021,324.7638065648327,2.333889269494656,7.413804763468768,60.42792268949257,0.9979292570701525,0.9933981197875494,0.9999656658079801,0.9999550722375127,0.345265053517838,0.9999671306895885,0.9999583094104111,0.6558147197895395,0.9999671306895885,0.9996795699769597,0.9830707376548721,21.73414440540359,18.262819212155517,40.29085540144109,37.253108322261205,-4.325094764263706,40.27781602656439,37.30473738867757,-2.5919314910625744,40.27781602656439,30.2385980707062,12.014667673559439
59,y,15.244648269406095,11.873839941299696,0.5653058953339438,106.90488982005868,299.61635707130586,2.8116032138289953,3.3062443058296647,181.72889860109473,2.8116032138289953,9.807885455368332,125.01480036008739,0.9986286264126248,0.9993492446068205,0.999997093992491,0.96105217069921,0.5929091719983479,0.9999420668315957,0.999900799636397,0.6924687457415293,0.9999420668315957,0.9992507537665254,0.8718992399439535,23.387117328390023,25.557641693144248,52.003795209315086,6.469514095352404,-2.481844885188764,38.07038487904251,36.662766672078114,1.8609856108374279,38.07038487904251,27.21795779737977,5.110236866790519
59,z,41.68757036475418,42.7166804155353,12.208217845678016,14.14369996533581,121.05960564968943,3.0189885116673914,6.5325273747684,25.657872443528767,3.0189885116673914,15.836427392713107,172.6898448933494,0.9360925092576773,0.9169385097810243,0.9822074783814305,0.9845666892589945,0.43433309413460863,0.9991515437816249,0.9991112001997081,0.9420658436963234,0.9991515437816249,0.9755826033855348,0.5447728274251608,2.892864898999013,2.681046673531644,13.559951178993856,12.281735886318582,-6.366988512188099,25.69576737759664,18.991371818633837,7.108583750457182,25.69576737759664,11.299852306077165,-9.45233940338632
60,x,17.35983620384254,16.31806258360255,1.5499249502695172,2.3649533630069963,52.810354163921296,1.5456794679000556,1.7824351442054347,50.932908836488934,1.5456794679000556,4.378889000826895,192.5044300896779,0.9986682415567454,0.998962978433394,0.9999880865042267,0.9999618181975177,0.9760661573935348,0.9999881501505443,0.999984585490077,0.983954193248969,0.9999881501505443,0.9998507029084541,0.8106426234981079,22.848508508961057,23.38604908337576,43.8332075821732,40.16296935472695,13.185039371284832,43.85703221184801,42.619146240820655,13.499451372986018,43.85703221184801,34.812142241171,1.950606404832721
60,y,16.599384059210344,12.237427681708233,58.78299460514693,54.24241101370924,238.42871370226777,2.8830917102801004,27.539149340221464,155.1619294524931,2.8830917102801004,8.601968669771548,176.90446193779263,0.9978585383826168,0.9989547300819476,0.9694557160916196,0.9731041705308362,0.6546575923738591,0.9999334406666207,0.9967504052720513,0.8981379624098565,0.9999334406666207,0.9993699925921198,0.7851549114854551,22.64762603438296,25.295662734176346,11.664431365740866,12.362685796712745,-0.49770561586507067,37.85229635273076,18.25045507725396,3.2337620713784867,37.85229635273076,28.357508371893907,2.094689761335892
60,z,14.382851619471099,6.494934077720956,7.805230115679649,6.673889864034103,98.68543330930078,1.902143078338703,4.709856039650537,25.32429528029802,1.902143078338703,10.53443553015958,164.30646551792987,0.9727344397269196,0.9954489506439792,0.993474865705674,0.9944650894255395,0.5171700386157104,0.999560848960743,0.9977776821338052,0.938124935227078,0.999560848960743,0.9858288525924249,0.3274422834115069,12.13609658356406,19.041501636610857,17.44528235396025,18.805415876664007,-4.592064462059353,29.708132959924114,21.832843929420246,7.222249210485886,29.708132959924114,14.840771192496717,-9.020096483076298
61,x,21.667061879302473,27.08502786854619,5.466880067793662,3.1738493005444797,76.50849910333228,1.4627849189222888,1.3590447581364582,22.383887627257216,1.4627849189222888,9.463438954900102,245.27262528529147,0.9973737911701608,0.9947416271093907,0.9997571126380056,0.9999299365512243,0.9576358851853127,0.9999854769618411,0.9999872639669235,0.9973585792384041,0.9999854769618411,0.9992627259735893,0.7371188223071466,20.923420499023457,18.98483523610996,32.884630042529096,37.60769493353925,9.965227325223747,44.33581148808105,44.97474577539851,20.64071063401984,44.33581148808105,28.118441271741364,-0.15356062011716093
61,y,56.51707586062991,75.56960153236056,3.9624658599779936,75.85636509652838,74.27493143948996,1.0625492680772783,5.3703633398479385,185.97999214183494,1.0625492680772783,6.378195385194221,302.68983932974663,0.9802521442052965,0.9548919383740356,0.9998502703160698,0.9446496967300877,0.9442215591568912,0.9999933214946466,0.9997717282336065,0.6582021206750159,0.9999933214946466,0.9996381025750014,0.6921005125825561,12.005871824880543,9.4825228553967,35.09015483193298,9.449624935659115,9.632620308539895,46.522483971004654,32.449392109887924,1.6601409999151757,46.522483971004654,30.95550912071954,-2.5704913562945664
61,z,38.93769245063973,39.38752763647405,3.962084938422472,6.99950477908177,20.347712424046886,3.9417505514623614,6.089352040562652,17.552934588904073,3.9417505514623614,8.342573227515487,217.91341339946987,0.9593496362162512,0.9365822631338588,0.997707447938396,0.9955800221766357,0.9708387313714296,0.9977208663902168,0.9959204029483993,0.9534038692049736,0.9977208663902168,0.9915462623111078,0.6297079126256554,3.4855923747756234,3.385822167055163,23.3345209527057,18.391650297258625,9.122684763564772,23.379213844126063,19.601574936745077,10.406001896542321,23.379213844126063,16.866996037330033,-11.472682685725932
